test_id,label
0,HerbaceousVegetation
1,HerbaceousVegetation
2,HerbaceousVegetation
3,HerbaceousVegetation
4,HerbaceousVegetation
5,AnnualCrop
6,HerbaceousVegetation
7,HerbaceousVegetation
8,HerbaceousVegetation
9,HerbaceousVegetation
10,HerbaceousVegetation
11,HerbaceousVegetation
12,AnnualCrop
13,AnnualCrop
14,HerbaceousVegetation
15,HerbaceousVegetation
16,HerbaceousVegetation
17,HerbaceousVegetation
18,AnnualCrop
19,HerbaceousVegetation
20,HerbaceousVegetation
21,HerbaceousVegetation
22,HerbaceousVegetation
23,HerbaceousVegetation
24,HerbaceousVegetation
25,Industrial
26,AnnualCrop
27,HerbaceousVegetation
28,HerbaceousVegetation
29,HerbaceousVegetation
30,HerbaceousVegetation
31,AnnualCrop
32,HerbaceousVegetation
33,AnnualCrop
34,AnnualCrop
35,AnnualCrop
36,HerbaceousVegetation
37,AnnualCrop
38,HerbaceousVegetation
39,HerbaceousVegetation
40,HerbaceousVegetation
41,AnnualCrop
42,HerbaceousVegetation
43,HerbaceousVegetation
44,HerbaceousVegetation
45,AnnualCrop
46,HerbaceousVegetation
47,HerbaceousVegetation
48,SeaLake
49,HerbaceousVegetation
50,AnnualCrop
51,HerbaceousVegetation
52,HerbaceousVegetation
53,HerbaceousVegetation
54,HerbaceousVegetation
55,AnnualCrop
56,HerbaceousVegetation
57,AnnualCrop
58,HerbaceousVegetation
59,AnnualCrop
60,HerbaceousVegetation
61,HerbaceousVegetation
62,HerbaceousVegetation
63,HerbaceousVegetation
64,HerbaceousVegetation
65,HerbaceousVegetation
66,HerbaceousVegetation
67,HerbaceousVegetation
68,HerbaceousVegetation
69,HerbaceousVegetation
70,HerbaceousVegetation
71,AnnualCrop
72,AnnualCrop
73,HerbaceousVegetation
74,AnnualCrop
75,AnnualCrop
76,AnnualCrop
77,HerbaceousVegetation
78,HerbaceousVegetation
79,HerbaceousVegetation
80,AnnualCrop
81,HerbaceousVegetation
82,HerbaceousVegetation
83,HerbaceousVegetation
84,HerbaceousVegetation
85,HerbaceousVegetation
86,HerbaceousVegetation
87,AnnualCrop
88,HerbaceousVegetation
89,HerbaceousVegetation
90,HerbaceousVegetation
91,AnnualCrop
92,HerbaceousVegetation
93,HerbaceousVegetation
94,HerbaceousVegetation
95,HerbaceousVegetation
96,HerbaceousVegetation
97,HerbaceousVegetation
98,HerbaceousVegetation
99,HerbaceousVegetation
100,HerbaceousVegetation
101,Residential
102,HerbaceousVegetation
103,HerbaceousVegetation
104,HerbaceousVegetation
105,AnnualCrop
106,HerbaceousVegetation
107,HerbaceousVegetation
108,HerbaceousVegetation
109,HerbaceousVegetation
110,Industrial
111,River
112,AnnualCrop
113,HerbaceousVegetation
114,HerbaceousVegetation
115,HerbaceousVegetation
116,HerbaceousVegetation
117,HerbaceousVegetation
118,HerbaceousVegetation
119,HerbaceousVegetation
120,HerbaceousVegetation
121,HerbaceousVegetation
122,AnnualCrop
123,HerbaceousVegetation
124,AnnualCrop
125,HerbaceousVegetation
126,AnnualCrop
127,AnnualCrop
128,AnnualCrop
129,HerbaceousVegetation
130,AnnualCrop
131,HerbaceousVegetation
132,HerbaceousVegetation
133,HerbaceousVegetation
134,HerbaceousVegetation
135,AnnualCrop
136,HerbaceousVegetation
137,HerbaceousVegetation
138,AnnualCrop
139,HerbaceousVegetation
140,AnnualCrop
141,HerbaceousVegetation
142,AnnualCrop
143,HerbaceousVegetation
144,AnnualCrop
145,AnnualCrop
146,HerbaceousVegetation
147,HerbaceousVegetation
148,AnnualCrop
149,HerbaceousVegetation
150,HerbaceousVegetation
151,AnnualCrop
152,SeaLake
153,HerbaceousVegetation
154,HerbaceousVegetation
155,HerbaceousVegetation
156,HerbaceousVegetation
157,HerbaceousVegetation
158,HerbaceousVegetation
159,HerbaceousVegetation
160,HerbaceousVegetation
161,AnnualCrop
162,HerbaceousVegetation
163,HerbaceousVegetation
164,Industrial
165,AnnualCrop
166,AnnualCrop
167,AnnualCrop
168,HerbaceousVegetation
169,HerbaceousVegetation
170,AnnualCrop
171,HerbaceousVegetation
172,HerbaceousVegetation
173,HerbaceousVegetation
174,AnnualCrop
175,HerbaceousVegetation
176,AnnualCrop
177,Forest
178,HerbaceousVegetation
179,HerbaceousVegetation
180,AnnualCrop
181,HerbaceousVegetation
182,HerbaceousVegetation
183,AnnualCrop
184,AnnualCrop
185,Forest
186,AnnualCrop
187,HerbaceousVegetation
188,HerbaceousVegetation
189,HerbaceousVegetation
190,AnnualCrop
191,HerbaceousVegetation
192,HerbaceousVegetation
193,HerbaceousVegetation
194,HerbaceousVegetation
195,HerbaceousVegetation
196,AnnualCrop
197,HerbaceousVegetation
198,AnnualCrop
199,AnnualCrop
200,HerbaceousVegetation
201,HerbaceousVegetation
202,AnnualCrop
203,HerbaceousVegetation
204,AnnualCrop
205,HerbaceousVegetation
206,HerbaceousVegetation
207,HerbaceousVegetation
208,HerbaceousVegetation
209,HerbaceousVegetation
210,HerbaceousVegetation
211,HerbaceousVegetation
212,HerbaceousVegetation
213,HerbaceousVegetation
214,HerbaceousVegetation
215,HerbaceousVegetation
216,HerbaceousVegetation
217,AnnualCrop
218,HerbaceousVegetation
219,HerbaceousVegetation
220,HerbaceousVegetation
221,HerbaceousVegetation
222,Industrial
223,HerbaceousVegetation
224,HerbaceousVegetation
225,HerbaceousVegetation
226,HerbaceousVegetation
227,HerbaceousVegetation
228,HerbaceousVegetation
229,HerbaceousVegetation
230,HerbaceousVegetation
231,AnnualCrop
232,HerbaceousVegetation
233,River
234,HerbaceousVegetation
235,AnnualCrop
236,HerbaceousVegetation
237,HerbaceousVegetation
238,HerbaceousVegetation
239,HerbaceousVegetation
240,HerbaceousVegetation
241,HerbaceousVegetation
242,AnnualCrop
243,HerbaceousVegetation
244,AnnualCrop
245,HerbaceousVegetation
246,AnnualCrop
247,AnnualCrop
248,HerbaceousVegetation
249,HerbaceousVegetation
250,HerbaceousVegetation
251,HerbaceousVegetation
252,HerbaceousVegetation
253,HerbaceousVegetation
254,AnnualCrop
255,HerbaceousVegetation
256,AnnualCrop
257,HerbaceousVegetation
258,AnnualCrop
259,HerbaceousVegetation
260,AnnualCrop
261,AnnualCrop
262,HerbaceousVegetation
263,HerbaceousVegetation
264,HerbaceousVegetation
265,HerbaceousVegetation
266,HerbaceousVegetation
267,AnnualCrop
268,HerbaceousVegetation
269,Forest
270,HerbaceousVegetation
271,HerbaceousVegetation
272,HerbaceousVegetation
273,AnnualCrop
274,HerbaceousVegetation
275,HerbaceousVegetation
276,HerbaceousVegetation
277,HerbaceousVegetation
278,HerbaceousVegetation
279,HerbaceousVegetation
280,HerbaceousVegetation
281,HerbaceousVegetation
282,SeaLake
283,AnnualCrop
284,AnnualCrop
285,HerbaceousVegetation
286,AnnualCrop
287,HerbaceousVegetation
288,AnnualCrop
289,Industrial
290,AnnualCrop
291,HerbaceousVegetation
292,HerbaceousVegetation
293,AnnualCrop
294,HerbaceousVegetation
295,HerbaceousVegetation
296,HerbaceousVegetation
297,HerbaceousVegetation
298,HerbaceousVegetation
299,HerbaceousVegetation
300,HerbaceousVegetation
301,HerbaceousVegetation
302,HerbaceousVegetation
303,AnnualCrop
304,HerbaceousVegetation
305,HerbaceousVegetation
306,HerbaceousVegetation
307,HerbaceousVegetation
308,HerbaceousVegetation
309,HerbaceousVegetation
310,HerbaceousVegetation
311,AnnualCrop
312,HerbaceousVegetation
313,HerbaceousVegetation
314,AnnualCrop
315,HerbaceousVegetation
316,Industrial
317,AnnualCrop
318,HerbaceousVegetation
319,AnnualCrop
320,HerbaceousVegetation
321,AnnualCrop
322,HerbaceousVegetation
323,HerbaceousVegetation
324,HerbaceousVegetation
325,HerbaceousVegetation
326,HerbaceousVegetation
327,HerbaceousVegetation
328,HerbaceousVegetation
329,AnnualCrop
330,SeaLake
331,AnnualCrop
332,AnnualCrop
333,AnnualCrop
334,HerbaceousVegetation
335,HerbaceousVegetation
336,HerbaceousVegetation
337,HerbaceousVegetation
338,AnnualCrop
339,AnnualCrop
340,AnnualCrop
341,HerbaceousVegetation
342,HerbaceousVegetation
343,HerbaceousVegetation
344,HerbaceousVegetation
345,HerbaceousVegetation
346,Industrial
347,HerbaceousVegetation
348,HerbaceousVegetation
349,HerbaceousVegetation
350,AnnualCrop
351,HerbaceousVegetation
352,AnnualCrop
353,HerbaceousVegetation
354,HerbaceousVegetation
355,HerbaceousVegetation
356,HerbaceousVegetation
357,HerbaceousVegetation
358,HerbaceousVegetation
359,HerbaceousVegetation
360,HerbaceousVegetation
361,AnnualCrop
362,HerbaceousVegetation
363,AnnualCrop
364,HerbaceousVegetation
365,AnnualCrop
366,HerbaceousVegetation
367,HerbaceousVegetation
368,Industrial
369,HerbaceousVegetation
370,AnnualCrop
371,HerbaceousVegetation
372,HerbaceousVegetation
373,AnnualCrop
374,HerbaceousVegetation
375,AnnualCrop
376,HerbaceousVegetation
377,HerbaceousVegetation
378,HerbaceousVegetation
379,AnnualCrop
380,HerbaceousVegetation
381,HerbaceousVegetation
382,HerbaceousVegetation
383,HerbaceousVegetation
384,Industrial
385,HerbaceousVegetation
386,HerbaceousVegetation
387,HerbaceousVegetation
388,Industrial
389,HerbaceousVegetation
390,HerbaceousVegetation
391,HerbaceousVegetation
392,HerbaceousVegetation
393,HerbaceousVegetation
394,AnnualCrop
395,HerbaceousVegetation
396,HerbaceousVegetation
397,AnnualCrop
398,HerbaceousVegetation
399,AnnualCrop
400,AnnualCrop
401,HerbaceousVegetation
402,HerbaceousVegetation
403,HerbaceousVegetation
404,HerbaceousVegetation
405,AnnualCrop
406,AnnualCrop
407,Industrial
408,AnnualCrop
409,AnnualCrop
410,HerbaceousVegetation
411,HerbaceousVegetation
412,HerbaceousVegetation
413,HerbaceousVegetation
414,Forest
415,HerbaceousVegetation
416,Industrial
417,Industrial
418,HerbaceousVegetation
419,AnnualCrop
420,HerbaceousVegetation
421,HerbaceousVegetation
422,Industrial
423,AnnualCrop
424,HerbaceousVegetation
425,HerbaceousVegetation
426,AnnualCrop
427,AnnualCrop
428,AnnualCrop
429,HerbaceousVegetation
430,Forest
431,HerbaceousVegetation
432,AnnualCrop
433,Highway
434,Industrial
435,HerbaceousVegetation
436,HerbaceousVegetation
437,HerbaceousVegetation
438,HerbaceousVegetation
439,HerbaceousVegetation
440,HerbaceousVegetation
441,HerbaceousVegetation
442,HerbaceousVegetation
443,HerbaceousVegetation
444,AnnualCrop
445,HerbaceousVegetation
446,HerbaceousVegetation
447,HerbaceousVegetation
448,HerbaceousVegetation
449,AnnualCrop
450,SeaLake
451,HerbaceousVegetation
452,HerbaceousVegetation
453,HerbaceousVegetation
454,HerbaceousVegetation
455,HerbaceousVegetation
456,HerbaceousVegetation
457,HerbaceousVegetation
458,AnnualCrop
459,HerbaceousVegetation
460,AnnualCrop
461,AnnualCrop
462,AnnualCrop
463,HerbaceousVegetation
464,AnnualCrop
465,HerbaceousVegetation
466,HerbaceousVegetation
467,HerbaceousVegetation
468,AnnualCrop
469,HerbaceousVegetation
470,HerbaceousVegetation
471,HerbaceousVegetation
472,HerbaceousVegetation
473,HerbaceousVegetation
474,HerbaceousVegetation
475,HerbaceousVegetation
476,HerbaceousVegetation
477,AnnualCrop
478,HerbaceousVegetation
479,AnnualCrop
480,HerbaceousVegetation
481,HerbaceousVegetation
482,HerbaceousVegetation
483,HerbaceousVegetation
484,HerbaceousVegetation
485,HerbaceousVegetation
486,AnnualCrop
487,AnnualCrop
488,HerbaceousVegetation
489,AnnualCrop
490,HerbaceousVegetation
491,AnnualCrop
492,AnnualCrop
493,HerbaceousVegetation
494,HerbaceousVegetation
495,HerbaceousVegetation
496,HerbaceousVegetation
497,AnnualCrop
498,HerbaceousVegetation
499,HerbaceousVegetation
500,HerbaceousVegetation
501,HerbaceousVegetation
502,Forest
503,HerbaceousVegetation
504,SeaLake
505,Industrial
506,HerbaceousVegetation
507,AnnualCrop
508,HerbaceousVegetation
509,HerbaceousVegetation
510,HerbaceousVegetation
511,HerbaceousVegetation
512,HerbaceousVegetation
513,HerbaceousVegetation
514,HerbaceousVegetation
515,HerbaceousVegetation
516,HerbaceousVegetation
517,AnnualCrop
518,HerbaceousVegetation
519,AnnualCrop
520,HerbaceousVegetation
521,AnnualCrop
522,HerbaceousVegetation
523,HerbaceousVegetation
524,AnnualCrop
525,HerbaceousVegetation
526,AnnualCrop
527,AnnualCrop
528,HerbaceousVegetation
529,HerbaceousVegetation
530,AnnualCrop
531,HerbaceousVegetation
532,Industrial
533,HerbaceousVegetation
534,AnnualCrop
535,AnnualCrop
536,AnnualCrop
537,HerbaceousVegetation
538,HerbaceousVegetation
539,HerbaceousVegetation
540,Industrial
541,HerbaceousVegetation
542,HerbaceousVegetation
543,HerbaceousVegetation
544,AnnualCrop
545,HerbaceousVegetation
546,HerbaceousVegetation
547,HerbaceousVegetation
548,AnnualCrop
549,HerbaceousVegetation
550,AnnualCrop
551,AnnualCrop
552,AnnualCrop
553,AnnualCrop
554,HerbaceousVegetation
555,AnnualCrop
556,HerbaceousVegetation
557,HerbaceousVegetation
558,AnnualCrop
559,HerbaceousVegetation
560,HerbaceousVegetation
561,HerbaceousVegetation
562,AnnualCrop
563,Residential
564,HerbaceousVegetation
565,Highway
566,AnnualCrop
567,AnnualCrop
568,AnnualCrop
569,HerbaceousVegetation
570,HerbaceousVegetation
571,HerbaceousVegetation
572,HerbaceousVegetation
573,HerbaceousVegetation
574,HerbaceousVegetation
575,HerbaceousVegetation
576,HerbaceousVegetation
577,AnnualCrop
578,HerbaceousVegetation
579,HerbaceousVegetation
580,AnnualCrop
581,HerbaceousVegetation
582,HerbaceousVegetation
583,HerbaceousVegetation
584,HerbaceousVegetation
585,AnnualCrop
586,AnnualCrop
587,AnnualCrop
588,HerbaceousVegetation
589,HerbaceousVegetation
590,AnnualCrop
591,Industrial
592,AnnualCrop
593,AnnualCrop
594,HerbaceousVegetation
595,AnnualCrop
596,HerbaceousVegetation
597,HerbaceousVegetation
598,HerbaceousVegetation
599,AnnualCrop
600,HerbaceousVegetation
601,HerbaceousVegetation
602,HerbaceousVegetation
603,AnnualCrop
604,AnnualCrop
605,HerbaceousVegetation
606,HerbaceousVegetation
607,HerbaceousVegetation
608,HerbaceousVegetation
609,HerbaceousVegetation
610,HerbaceousVegetation
611,AnnualCrop
612,Industrial
613,HerbaceousVegetation
614,AnnualCrop
615,HerbaceousVegetation
616,AnnualCrop
617,AnnualCrop
618,HerbaceousVegetation
619,AnnualCrop
620,HerbaceousVegetation
621,HerbaceousVegetation
622,HerbaceousVegetation
623,AnnualCrop
624,HerbaceousVegetation
625,HerbaceousVegetation
626,AnnualCrop
627,AnnualCrop
628,HerbaceousVegetation
629,HerbaceousVegetation
630,HerbaceousVegetation
631,HerbaceousVegetation
632,HerbaceousVegetation
633,HerbaceousVegetation
634,HerbaceousVegetation
635,AnnualCrop
636,HerbaceousVegetation
637,HerbaceousVegetation
638,HerbaceousVegetation
639,Industrial
640,HerbaceousVegetation
641,HerbaceousVegetation
642,HerbaceousVegetation
643,AnnualCrop
644,SeaLake
645,HerbaceousVegetation
646,HerbaceousVegetation
647,AnnualCrop
648,AnnualCrop
649,HerbaceousVegetation
650,HerbaceousVegetation
651,AnnualCrop
652,AnnualCrop
653,HerbaceousVegetation
654,AnnualCrop
655,AnnualCrop
656,HerbaceousVegetation
657,HerbaceousVegetation
658,HerbaceousVegetation
659,AnnualCrop
660,HerbaceousVegetation
661,HerbaceousVegetation
662,HerbaceousVegetation
663,AnnualCrop
664,HerbaceousVegetation
665,AnnualCrop
666,HerbaceousVegetation
667,HerbaceousVegetation
668,AnnualCrop
669,AnnualCrop
670,HerbaceousVegetation
671,HerbaceousVegetation
672,Forest
673,HerbaceousVegetation
674,HerbaceousVegetation
675,HerbaceousVegetation
676,HerbaceousVegetation
677,AnnualCrop
678,AnnualCrop
679,HerbaceousVegetation
680,HerbaceousVegetation
681,HerbaceousVegetation
682,Forest
683,HerbaceousVegetation
684,HerbaceousVegetation
685,HerbaceousVegetation
686,AnnualCrop
687,AnnualCrop
688,AnnualCrop
689,HerbaceousVegetation
690,HerbaceousVegetation
691,AnnualCrop
692,HerbaceousVegetation
693,HerbaceousVegetation
694,Industrial
695,HerbaceousVegetation
696,AnnualCrop
697,AnnualCrop
698,HerbaceousVegetation
699,AnnualCrop
700,AnnualCrop
701,AnnualCrop
702,HerbaceousVegetation
703,HerbaceousVegetation
704,AnnualCrop
705,AnnualCrop
706,HerbaceousVegetation
707,AnnualCrop
708,HerbaceousVegetation
709,HerbaceousVegetation
710,HerbaceousVegetation
711,HerbaceousVegetation
712,Industrial
713,HerbaceousVegetation
714,HerbaceousVegetation
715,HerbaceousVegetation
716,AnnualCrop
717,HerbaceousVegetation
718,HerbaceousVegetation
719,Forest
720,HerbaceousVegetation
721,HerbaceousVegetation
722,HerbaceousVegetation
723,HerbaceousVegetation
724,HerbaceousVegetation
725,AnnualCrop
726,HerbaceousVegetation
727,HerbaceousVegetation
728,HerbaceousVegetation
729,HerbaceousVegetation
730,HerbaceousVegetation
731,AnnualCrop
732,HerbaceousVegetation
733,HerbaceousVegetation
734,AnnualCrop
735,HerbaceousVegetation
736,AnnualCrop
737,HerbaceousVegetation
738,HerbaceousVegetation
739,AnnualCrop
740,HerbaceousVegetation
741,Industrial
742,HerbaceousVegetation
743,HerbaceousVegetation
744,AnnualCrop
745,HerbaceousVegetation
746,HerbaceousVegetation
747,HerbaceousVegetation
748,Industrial
749,HerbaceousVegetation
750,HerbaceousVegetation
751,HerbaceousVegetation
752,HerbaceousVegetation
753,AnnualCrop
754,HerbaceousVegetation
755,HerbaceousVegetation
756,HerbaceousVegetation
757,HerbaceousVegetation
758,HerbaceousVegetation
759,AnnualCrop
760,AnnualCrop
761,HerbaceousVegetation
762,AnnualCrop
763,HerbaceousVegetation
764,AnnualCrop
765,HerbaceousVegetation
766,HerbaceousVegetation
767,HerbaceousVegetation
768,AnnualCrop
769,AnnualCrop
770,HerbaceousVegetation
771,AnnualCrop
772,AnnualCrop
773,HerbaceousVegetation
774,HerbaceousVegetation
775,HerbaceousVegetation
776,AnnualCrop
777,HerbaceousVegetation
778,HerbaceousVegetation
779,Industrial
780,AnnualCrop
781,HerbaceousVegetation
782,HerbaceousVegetation
783,HerbaceousVegetation
784,AnnualCrop
785,HerbaceousVegetation
786,HerbaceousVegetation
787,HerbaceousVegetation
788,HerbaceousVegetation
789,HerbaceousVegetation
790,HerbaceousVegetation
791,HerbaceousVegetation
792,AnnualCrop
793,AnnualCrop
794,Industrial
795,AnnualCrop
796,HerbaceousVegetation
797,HerbaceousVegetation
798,HerbaceousVegetation
799,HerbaceousVegetation
800,AnnualCrop
801,HerbaceousVegetation
802,HerbaceousVegetation
803,HerbaceousVegetation
804,HerbaceousVegetation
805,AnnualCrop
806,HerbaceousVegetation
807,HerbaceousVegetation
808,HerbaceousVegetation
809,AnnualCrop
810,AnnualCrop
811,HerbaceousVegetation
812,AnnualCrop
813,Industrial
814,HerbaceousVegetation
815,HerbaceousVegetation
816,HerbaceousVegetation
817,HerbaceousVegetation
818,HerbaceousVegetation
819,Industrial
820,AnnualCrop
821,HerbaceousVegetation
822,HerbaceousVegetation
823,HerbaceousVegetation
824,HerbaceousVegetation
825,HerbaceousVegetation
826,HerbaceousVegetation
827,HerbaceousVegetation
828,HerbaceousVegetation
829,HerbaceousVegetation
830,HerbaceousVegetation
831,HerbaceousVegetation
832,HerbaceousVegetation
833,HerbaceousVegetation
834,HerbaceousVegetation
835,SeaLake
836,AnnualCrop
837,HerbaceousVegetation
838,HerbaceousVegetation
839,HerbaceousVegetation
840,HerbaceousVegetation
841,HerbaceousVegetation
842,HerbaceousVegetation
843,AnnualCrop
844,HerbaceousVegetation
845,HerbaceousVegetation
846,HerbaceousVegetation
847,HerbaceousVegetation
848,HerbaceousVegetation
849,HerbaceousVegetation
850,AnnualCrop
851,HerbaceousVegetation
852,AnnualCrop
853,HerbaceousVegetation
854,HerbaceousVegetation
855,HerbaceousVegetation
856,HerbaceousVegetation
857,HerbaceousVegetation
858,Industrial
859,HerbaceousVegetation
860,HerbaceousVegetation
861,HerbaceousVegetation
862,HerbaceousVegetation
863,AnnualCrop
864,AnnualCrop
865,HerbaceousVegetation
866,AnnualCrop
867,HerbaceousVegetation
868,HerbaceousVegetation
869,HerbaceousVegetation
870,AnnualCrop
871,HerbaceousVegetation
872,Industrial
873,HerbaceousVegetation
874,AnnualCrop
875,AnnualCrop
876,AnnualCrop
877,AnnualCrop
878,HerbaceousVegetation
879,AnnualCrop
880,HerbaceousVegetation
881,SeaLake
882,HerbaceousVegetation
883,HerbaceousVegetation
884,HerbaceousVegetation
885,AnnualCrop
886,AnnualCrop
887,HerbaceousVegetation
888,HerbaceousVegetation
889,HerbaceousVegetation
890,HerbaceousVegetation
891,HerbaceousVegetation
892,HerbaceousVegetation
893,HerbaceousVegetation
894,AnnualCrop
895,AnnualCrop
896,HerbaceousVegetation
897,HerbaceousVegetation
898,HerbaceousVegetation
899,HerbaceousVegetation
900,AnnualCrop
901,HerbaceousVegetation
902,HerbaceousVegetation
903,HerbaceousVegetation
904,Forest
905,HerbaceousVegetation
906,AnnualCrop
907,HerbaceousVegetation
908,HerbaceousVegetation
909,HerbaceousVegetation
910,HerbaceousVegetation
911,HerbaceousVegetation
912,AnnualCrop
913,Industrial
914,HerbaceousVegetation
915,AnnualCrop
916,AnnualCrop
917,HerbaceousVegetation
918,HerbaceousVegetation
919,HerbaceousVegetation
920,HerbaceousVegetation
921,HerbaceousVegetation
922,HerbaceousVegetation
923,HerbaceousVegetation
924,AnnualCrop
925,AnnualCrop
926,HerbaceousVegetation
927,Forest
928,AnnualCrop
929,HerbaceousVegetation
930,HerbaceousVegetation
931,HerbaceousVegetation
932,AnnualCrop
933,Industrial
934,AnnualCrop
935,HerbaceousVegetation
936,AnnualCrop
937,AnnualCrop
938,HerbaceousVegetation
939,HerbaceousVegetation
940,HerbaceousVegetation
941,HerbaceousVegetation
942,HerbaceousVegetation
943,AnnualCrop
944,HerbaceousVegetation
945,HerbaceousVegetation
946,HerbaceousVegetation
947,HerbaceousVegetation
948,HerbaceousVegetation
949,HerbaceousVegetation
950,AnnualCrop
951,HerbaceousVegetation
952,HerbaceousVegetation
953,AnnualCrop
954,HerbaceousVegetation
955,HerbaceousVegetation
956,HerbaceousVegetation
957,HerbaceousVegetation
958,AnnualCrop
959,HerbaceousVegetation
960,HerbaceousVegetation
961,AnnualCrop
962,HerbaceousVegetation
963,HerbaceousVegetation
964,HerbaceousVegetation
965,AnnualCrop
966,HerbaceousVegetation
967,AnnualCrop
968,HerbaceousVegetation
969,HerbaceousVegetation
970,HerbaceousVegetation
971,HerbaceousVegetation
972,HerbaceousVegetation
973,HerbaceousVegetation
974,HerbaceousVegetation
975,HerbaceousVegetation
976,HerbaceousVegetation
977,HerbaceousVegetation
978,HerbaceousVegetation
979,HerbaceousVegetation
980,Industrial
981,HerbaceousVegetation
982,AnnualCrop
983,HerbaceousVegetation
984,AnnualCrop
985,HerbaceousVegetation
986,HerbaceousVegetation
987,HerbaceousVegetation
988,AnnualCrop
989,AnnualCrop
990,HerbaceousVegetation
991,HerbaceousVegetation
992,HerbaceousVegetation
993,AnnualCrop
994,HerbaceousVegetation
995,HerbaceousVegetation
996,HerbaceousVegetation
997,HerbaceousVegetation
998,AnnualCrop
999,HerbaceousVegetation
1000,HerbaceousVegetation
1001,HerbaceousVegetation
1002,HerbaceousVegetation
1003,AnnualCrop
1004,HerbaceousVegetation
1005,HerbaceousVegetation
1006,HerbaceousVegetation
1007,HerbaceousVegetation
1008,AnnualCrop
1009,AnnualCrop
1010,AnnualCrop
1011,Industrial
1012,Industrial
1013,HerbaceousVegetation
1014,HerbaceousVegetation
1015,HerbaceousVegetation
1016,HerbaceousVegetation
1017,HerbaceousVegetation
1018,AnnualCrop
1019,AnnualCrop
1020,HerbaceousVegetation
1021,AnnualCrop
1022,HerbaceousVegetation
1023,HerbaceousVegetation
1024,HerbaceousVegetation
1025,HerbaceousVegetation
1026,HerbaceousVegetation
1027,HerbaceousVegetation
1028,HerbaceousVegetation
1029,AnnualCrop
1030,HerbaceousVegetation
1031,AnnualCrop
1032,HerbaceousVegetation
1033,HerbaceousVegetation
1034,HerbaceousVegetation
1035,HerbaceousVegetation
1036,Forest
1037,HerbaceousVegetation
1038,HerbaceousVegetation
1039,AnnualCrop
1040,HerbaceousVegetation
1041,HerbaceousVegetation
1042,AnnualCrop
1043,HerbaceousVegetation
1044,HerbaceousVegetation
1045,AnnualCrop
1046,HerbaceousVegetation
1047,HerbaceousVegetation
1048,HerbaceousVegetation
1049,HerbaceousVegetation
1050,HerbaceousVegetation
1051,HerbaceousVegetation
1052,AnnualCrop
1053,HerbaceousVegetation
1054,HerbaceousVegetation
1055,AnnualCrop
1056,AnnualCrop
1057,HerbaceousVegetation
1058,HerbaceousVegetation
1059,AnnualCrop
1060,HerbaceousVegetation
1061,AnnualCrop
1062,HerbaceousVegetation
1063,HerbaceousVegetation
1064,HerbaceousVegetation
1065,HerbaceousVegetation
1066,HerbaceousVegetation
1067,AnnualCrop
1068,HerbaceousVegetation
1069,HerbaceousVegetation
1070,HerbaceousVegetation
1071,HerbaceousVegetation
1072,HerbaceousVegetation
1073,HerbaceousVegetation
1074,HerbaceousVegetation
1075,HerbaceousVegetation
1076,HerbaceousVegetation
1077,HerbaceousVegetation
1078,AnnualCrop
1079,HerbaceousVegetation
1080,HerbaceousVegetation
1081,HerbaceousVegetation
1082,HerbaceousVegetation
1083,HerbaceousVegetation
1084,AnnualCrop
1085,HerbaceousVegetation
1086,AnnualCrop
1087,AnnualCrop
1088,HerbaceousVegetation
1089,HerbaceousVegetation
1090,AnnualCrop
1091,HerbaceousVegetation
1092,HerbaceousVegetation
1093,AnnualCrop
1094,HerbaceousVegetation
1095,HerbaceousVegetation
1096,HerbaceousVegetation
1097,HerbaceousVegetation
1098,HerbaceousVegetation
1099,HerbaceousVegetation
1100,HerbaceousVegetation
1101,SeaLake
1102,AnnualCrop
1103,AnnualCrop
1104,HerbaceousVegetation
1105,HerbaceousVegetation
1106,HerbaceousVegetation
1107,AnnualCrop
1108,HerbaceousVegetation
1109,AnnualCrop
1110,HerbaceousVegetation
1111,AnnualCrop
1112,HerbaceousVegetation
1113,HerbaceousVegetation
1114,HerbaceousVegetation
1115,HerbaceousVegetation
1116,AnnualCrop
1117,HerbaceousVegetation
1118,AnnualCrop
1119,AnnualCrop
1120,Forest
1121,HerbaceousVegetation
1122,AnnualCrop
1123,HerbaceousVegetation
1124,HerbaceousVegetation
1125,Industrial
1126,Industrial
1127,HerbaceousVegetation
1128,Industrial
1129,HerbaceousVegetation
1130,HerbaceousVegetation
1131,HerbaceousVegetation
1132,HerbaceousVegetation
1133,HerbaceousVegetation
1134,AnnualCrop
1135,HerbaceousVegetation
1136,HerbaceousVegetation
1137,HerbaceousVegetation
1138,HerbaceousVegetation
1139,HerbaceousVegetation
1140,AnnualCrop
1141,HerbaceousVegetation
1142,AnnualCrop
1143,HerbaceousVegetation
1144,AnnualCrop
1145,HerbaceousVegetation
1146,HerbaceousVegetation
1147,HerbaceousVegetation
1148,HerbaceousVegetation
1149,HerbaceousVegetation
1150,HerbaceousVegetation
1151,AnnualCrop
1152,AnnualCrop
1153,HerbaceousVegetation
1154,HerbaceousVegetation
1155,AnnualCrop
1156,AnnualCrop
1157,HerbaceousVegetation
1158,HerbaceousVegetation
1159,HerbaceousVegetation
1160,AnnualCrop
1161,HerbaceousVegetation
1162,HerbaceousVegetation
1163,AnnualCrop
1164,HerbaceousVegetation
1165,HerbaceousVegetation
1166,HerbaceousVegetation
1167,HerbaceousVegetation
1168,AnnualCrop
1169,HerbaceousVegetation
1170,HerbaceousVegetation
1171,HerbaceousVegetation
1172,Forest
1173,HerbaceousVegetation
1174,AnnualCrop
1175,AnnualCrop
1176,AnnualCrop
1177,HerbaceousVegetation
1178,HerbaceousVegetation
1179,HerbaceousVegetation
1180,AnnualCrop
1181,HerbaceousVegetation
1182,HerbaceousVegetation
1183,HerbaceousVegetation
1184,HerbaceousVegetation
1185,Industrial
1186,HerbaceousVegetation
1187,Forest
1188,HerbaceousVegetation
1189,HerbaceousVegetation
1190,AnnualCrop
1191,HerbaceousVegetation
1192,HerbaceousVegetation
1193,AnnualCrop
1194,HerbaceousVegetation
1195,HerbaceousVegetation
1196,HerbaceousVegetation
1197,HerbaceousVegetation
1198,Forest
1199,HerbaceousVegetation
1200,HerbaceousVegetation
1201,AnnualCrop
1202,HerbaceousVegetation
1203,HerbaceousVegetation
1204,HerbaceousVegetation
1205,HerbaceousVegetation
1206,AnnualCrop
1207,AnnualCrop
1208,HerbaceousVegetation
1209,AnnualCrop
1210,AnnualCrop
1211,AnnualCrop
1212,HerbaceousVegetation
1213,HerbaceousVegetation
1214,HerbaceousVegetation
1215,AnnualCrop
1216,HerbaceousVegetation
1217,HerbaceousVegetation
1218,HerbaceousVegetation
1219,HerbaceousVegetation
1220,Industrial
1221,HerbaceousVegetation
1222,HerbaceousVegetation
1223,HerbaceousVegetation
1224,River
1225,HerbaceousVegetation
1226,Industrial
1227,HerbaceousVegetation
1228,AnnualCrop
1229,AnnualCrop
1230,HerbaceousVegetation
1231,AnnualCrop
1232,HerbaceousVegetation
1233,HerbaceousVegetation
1234,HerbaceousVegetation
1235,HerbaceousVegetation
1236,HerbaceousVegetation
1237,HerbaceousVegetation
1238,HerbaceousVegetation
1239,HerbaceousVegetation
1240,AnnualCrop
1241,HerbaceousVegetation
1242,HerbaceousVegetation
1243,HerbaceousVegetation
1244,HerbaceousVegetation
1245,HerbaceousVegetation
1246,HerbaceousVegetation
1247,AnnualCrop
1248,AnnualCrop
1249,HerbaceousVegetation
1250,AnnualCrop
1251,HerbaceousVegetation
1252,HerbaceousVegetation
1253,HerbaceousVegetation
1254,AnnualCrop
1255,HerbaceousVegetation
1256,HerbaceousVegetation
1257,AnnualCrop
1258,AnnualCrop
1259,HerbaceousVegetation
1260,HerbaceousVegetation
1261,AnnualCrop
1262,HerbaceousVegetation
1263,HerbaceousVegetation
1264,AnnualCrop
1265,HerbaceousVegetation
1266,AnnualCrop
1267,HerbaceousVegetation
1268,HerbaceousVegetation
1269,HerbaceousVegetation
1270,Forest
1271,HerbaceousVegetation
1272,HerbaceousVegetation
1273,HerbaceousVegetation
1274,HerbaceousVegetation
1275,AnnualCrop
1276,AnnualCrop
1277,AnnualCrop
1278,HerbaceousVegetation
1279,HerbaceousVegetation
1280,HerbaceousVegetation
1281,HerbaceousVegetation
1282,HerbaceousVegetation
1283,HerbaceousVegetation
1284,HerbaceousVegetation
1285,HerbaceousVegetation
1286,AnnualCrop
1287,AnnualCrop
1288,HerbaceousVegetation
1289,HerbaceousVegetation
1290,HerbaceousVegetation
1291,HerbaceousVegetation
1292,HerbaceousVegetation
1293,HerbaceousVegetation
1294,HerbaceousVegetation
1295,HerbaceousVegetation
1296,HerbaceousVegetation
1297,HerbaceousVegetation
1298,AnnualCrop
1299,HerbaceousVegetation
1300,HerbaceousVegetation
1301,HerbaceousVegetation
1302,AnnualCrop
1303,HerbaceousVegetation
1304,HerbaceousVegetation
1305,HerbaceousVegetation
1306,HerbaceousVegetation
1307,HerbaceousVegetation
1308,AnnualCrop
1309,HerbaceousVegetation
1310,HerbaceousVegetation
1311,HerbaceousVegetation
1312,HerbaceousVegetation
1313,AnnualCrop
1314,Forest
1315,AnnualCrop
1316,AnnualCrop
1317,HerbaceousVegetation
1318,AnnualCrop
1319,HerbaceousVegetation
1320,HerbaceousVegetation
1321,HerbaceousVegetation
1322,HerbaceousVegetation
1323,HerbaceousVegetation
1324,HerbaceousVegetation
1325,Industrial
1326,HerbaceousVegetation
1327,HerbaceousVegetation
1328,HerbaceousVegetation
1329,HerbaceousVegetation
1330,HerbaceousVegetation
1331,HerbaceousVegetation
1332,HerbaceousVegetation
1333,HerbaceousVegetation
1334,Industrial
1335,HerbaceousVegetation
1336,AnnualCrop
1337,HerbaceousVegetation
1338,HerbaceousVegetation
1339,HerbaceousVegetation
1340,HerbaceousVegetation
1341,HerbaceousVegetation
1342,HerbaceousVegetation
1343,HerbaceousVegetation
1344,AnnualCrop
1345,HerbaceousVegetation
1346,AnnualCrop
1347,Forest
1348,AnnualCrop
1349,HerbaceousVegetation
1350,AnnualCrop
1351,HerbaceousVegetation
1352,AnnualCrop
1353,HerbaceousVegetation
1354,HerbaceousVegetation
1355,AnnualCrop
1356,HerbaceousVegetation
1357,HerbaceousVegetation
1358,HerbaceousVegetation
1359,AnnualCrop
1360,HerbaceousVegetation
1361,SeaLake
1362,HerbaceousVegetation
1363,HerbaceousVegetation
1364,HerbaceousVegetation
1365,HerbaceousVegetation
1366,HerbaceousVegetation
1367,AnnualCrop
1368,AnnualCrop
1369,HerbaceousVegetation
1370,AnnualCrop
1371,AnnualCrop
1372,AnnualCrop
1373,HerbaceousVegetation
1374,HerbaceousVegetation
1375,AnnualCrop
1376,HerbaceousVegetation
1377,HerbaceousVegetation
1378,AnnualCrop
1379,AnnualCrop
1380,HerbaceousVegetation
1381,AnnualCrop
1382,HerbaceousVegetation
1383,HerbaceousVegetation
1384,HerbaceousVegetation
1385,AnnualCrop
1386,AnnualCrop
1387,HerbaceousVegetation
1388,AnnualCrop
1389,HerbaceousVegetation
1390,HerbaceousVegetation
1391,HerbaceousVegetation
1392,HerbaceousVegetation
1393,HerbaceousVegetation
1394,AnnualCrop
1395,AnnualCrop
1396,HerbaceousVegetation
1397,HerbaceousVegetation
1398,HerbaceousVegetation
1399,AnnualCrop
1400,HerbaceousVegetation
1401,AnnualCrop
1402,Industrial
1403,HerbaceousVegetation
1404,AnnualCrop
1405,HerbaceousVegetation
1406,HerbaceousVegetation
1407,AnnualCrop
1408,HerbaceousVegetation
1409,HerbaceousVegetation
1410,AnnualCrop
1411,HerbaceousVegetation
1412,AnnualCrop
1413,AnnualCrop
1414,HerbaceousVegetation
1415,AnnualCrop
1416,HerbaceousVegetation
1417,HerbaceousVegetation
1418,HerbaceousVegetation
1419,AnnualCrop
1420,HerbaceousVegetation
1421,HerbaceousVegetation
1422,AnnualCrop
1423,HerbaceousVegetation
1424,AnnualCrop
1425,HerbaceousVegetation
1426,HerbaceousVegetation
1427,Industrial
1428,HerbaceousVegetation
1429,HerbaceousVegetation
1430,SeaLake
1431,HerbaceousVegetation
1432,HerbaceousVegetation
1433,HerbaceousVegetation
1434,AnnualCrop
1435,HerbaceousVegetation
1436,HerbaceousVegetation
1437,AnnualCrop
1438,HerbaceousVegetation
1439,Industrial
1440,HerbaceousVegetation
1441,AnnualCrop
1442,HerbaceousVegetation
1443,HerbaceousVegetation
1444,HerbaceousVegetation
1445,AnnualCrop
1446,Industrial
1447,HerbaceousVegetation
1448,AnnualCrop
1449,HerbaceousVegetation
1450,AnnualCrop
1451,HerbaceousVegetation
1452,Industrial
1453,HerbaceousVegetation
1454,HerbaceousVegetation
1455,AnnualCrop
1456,Industrial
1457,HerbaceousVegetation
1458,HerbaceousVegetation
1459,HerbaceousVegetation
1460,HerbaceousVegetation
1461,HerbaceousVegetation
1462,HerbaceousVegetation
1463,Industrial
1464,HerbaceousVegetation
1465,HerbaceousVegetation
1466,AnnualCrop
1467,HerbaceousVegetation
1468,AnnualCrop
1469,HerbaceousVegetation
1470,HerbaceousVegetation
1471,HerbaceousVegetation
1472,HerbaceousVegetation
1473,HerbaceousVegetation
1474,AnnualCrop
1475,HerbaceousVegetation
1476,HerbaceousVegetation
1477,HerbaceousVegetation
1478,HerbaceousVegetation
1479,HerbaceousVegetation
1480,HerbaceousVegetation
1481,HerbaceousVegetation
1482,HerbaceousVegetation
1483,HerbaceousVegetation
1484,AnnualCrop
1485,AnnualCrop
1486,HerbaceousVegetation
1487,HerbaceousVegetation
1488,HerbaceousVegetation
1489,HerbaceousVegetation
1490,AnnualCrop
1491,HerbaceousVegetation
1492,HerbaceousVegetation
1493,HerbaceousVegetation
1494,HerbaceousVegetation
1495,HerbaceousVegetation
1496,AnnualCrop
1497,HerbaceousVegetation
1498,AnnualCrop
1499,HerbaceousVegetation
1500,AnnualCrop
1501,AnnualCrop
1502,AnnualCrop
1503,AnnualCrop
1504,HerbaceousVegetation
1505,AnnualCrop
1506,HerbaceousVegetation
1507,AnnualCrop
1508,HerbaceousVegetation
1509,HerbaceousVegetation
1510,AnnualCrop
1511,AnnualCrop
1512,SeaLake
1513,AnnualCrop
1514,HerbaceousVegetation
1515,HerbaceousVegetation
1516,HerbaceousVegetation
1517,HerbaceousVegetation
1518,AnnualCrop
1519,HerbaceousVegetation
1520,HerbaceousVegetation
1521,HerbaceousVegetation
1522,AnnualCrop
1523,HerbaceousVegetation
1524,Forest
1525,HerbaceousVegetation
1526,HerbaceousVegetation
1527,HerbaceousVegetation
1528,AnnualCrop
1529,HerbaceousVegetation
1530,HerbaceousVegetation
1531,AnnualCrop
1532,HerbaceousVegetation
1533,HerbaceousVegetation
1534,AnnualCrop
1535,HerbaceousVegetation
1536,AnnualCrop
1537,AnnualCrop
1538,HerbaceousVegetation
1539,HerbaceousVegetation
1540,HerbaceousVegetation
1541,AnnualCrop
1542,HerbaceousVegetation
1543,AnnualCrop
1544,AnnualCrop
1545,HerbaceousVegetation
1546,HerbaceousVegetation
1547,AnnualCrop
1548,AnnualCrop
1549,AnnualCrop
1550,HerbaceousVegetation
1551,HerbaceousVegetation
1552,HerbaceousVegetation
1553,HerbaceousVegetation
1554,HerbaceousVegetation
1555,HerbaceousVegetation
1556,HerbaceousVegetation
1557,HerbaceousVegetation
1558,AnnualCrop
1559,AnnualCrop
1560,AnnualCrop
1561,AnnualCrop
1562,HerbaceousVegetation
1563,HerbaceousVegetation
1564,AnnualCrop
1565,AnnualCrop
1566,HerbaceousVegetation
1567,AnnualCrop
1568,HerbaceousVegetation
1569,AnnualCrop
1570,HerbaceousVegetation
1571,HerbaceousVegetation
1572,AnnualCrop
1573,HerbaceousVegetation
1574,HerbaceousVegetation
1575,HerbaceousVegetation
1576,AnnualCrop
1577,HerbaceousVegetation
1578,HerbaceousVegetation
1579,HerbaceousVegetation
1580,HerbaceousVegetation
1581,HerbaceousVegetation
1582,HerbaceousVegetation
1583,AnnualCrop
1584,HerbaceousVegetation
1585,AnnualCrop
1586,HerbaceousVegetation
1587,AnnualCrop
1588,HerbaceousVegetation
1589,HerbaceousVegetation
1590,HerbaceousVegetation
1591,AnnualCrop
1592,HerbaceousVegetation
1593,HerbaceousVegetation
1594,HerbaceousVegetation
1595,AnnualCrop
1596,AnnualCrop
1597,HerbaceousVegetation
1598,HerbaceousVegetation
1599,AnnualCrop
1600,HerbaceousVegetation
1601,HerbaceousVegetation
1602,HerbaceousVegetation
1603,HerbaceousVegetation
1604,HerbaceousVegetation
1605,HerbaceousVegetation
1606,AnnualCrop
1607,HerbaceousVegetation
1608,AnnualCrop
1609,AnnualCrop
1610,HerbaceousVegetation
1611,AnnualCrop
1612,Industrial
1613,Industrial
1614,AnnualCrop
1615,HerbaceousVegetation
1616,HerbaceousVegetation
1617,AnnualCrop
1618,HerbaceousVegetation
1619,AnnualCrop
1620,Pasture
1621,HerbaceousVegetation
1622,AnnualCrop
1623,HerbaceousVegetation
1624,HerbaceousVegetation
1625,HerbaceousVegetation
1626,HerbaceousVegetation
1627,HerbaceousVegetation
1628,HerbaceousVegetation
1629,HerbaceousVegetation
1630,HerbaceousVegetation
1631,HerbaceousVegetation
1632,AnnualCrop
1633,HerbaceousVegetation
1634,AnnualCrop
1635,HerbaceousVegetation
1636,HerbaceousVegetation
1637,AnnualCrop
1638,HerbaceousVegetation
1639,HerbaceousVegetation
1640,SeaLake
1641,HerbaceousVegetation
1642,HerbaceousVegetation
1643,AnnualCrop
1644,HerbaceousVegetation
1645,Forest
1646,AnnualCrop
1647,AnnualCrop
1648,HerbaceousVegetation
1649,HerbaceousVegetation
1650,AnnualCrop
1651,HerbaceousVegetation
1652,HerbaceousVegetation
1653,HerbaceousVegetation
1654,HerbaceousVegetation
1655,HerbaceousVegetation
1656,HerbaceousVegetation
1657,AnnualCrop
1658,HerbaceousVegetation
1659,HerbaceousVegetation
1660,HerbaceousVegetation
1661,AnnualCrop
1662,HerbaceousVegetation
1663,HerbaceousVegetation
1664,HerbaceousVegetation
1665,HerbaceousVegetation
1666,Industrial
1667,HerbaceousVegetation
1668,HerbaceousVegetation
1669,HerbaceousVegetation
1670,HerbaceousVegetation
1671,HerbaceousVegetation
1672,AnnualCrop
1673,AnnualCrop
1674,AnnualCrop
1675,HerbaceousVegetation
1676,HerbaceousVegetation
1677,HerbaceousVegetation
1678,AnnualCrop
1679,AnnualCrop
1680,HerbaceousVegetation
1681,HerbaceousVegetation
1682,HerbaceousVegetation
1683,AnnualCrop
1684,HerbaceousVegetation
1685,HerbaceousVegetation
1686,HerbaceousVegetation
1687,HerbaceousVegetation
1688,HerbaceousVegetation
1689,AnnualCrop
1690,HerbaceousVegetation
1691,HerbaceousVegetation
1692,HerbaceousVegetation
1693,HerbaceousVegetation
1694,HerbaceousVegetation
1695,AnnualCrop
1696,HerbaceousVegetation
1697,AnnualCrop
1698,AnnualCrop
1699,HerbaceousVegetation
1700,HerbaceousVegetation
1701,AnnualCrop
1702,HerbaceousVegetation
1703,Forest
1704,HerbaceousVegetation
1705,HerbaceousVegetation
1706,AnnualCrop
1707,HerbaceousVegetation
1708,HerbaceousVegetation
1709,HerbaceousVegetation
1710,SeaLake
1711,AnnualCrop
1712,HerbaceousVegetation
1713,HerbaceousVegetation
1714,HerbaceousVegetation
1715,AnnualCrop
1716,AnnualCrop
1717,AnnualCrop
1718,AnnualCrop
1719,HerbaceousVegetation
1720,HerbaceousVegetation
1721,HerbaceousVegetation
1722,AnnualCrop
1723,AnnualCrop
1724,HerbaceousVegetation
1725,AnnualCrop
1726,HerbaceousVegetation
1727,HerbaceousVegetation
1728,AnnualCrop
1729,AnnualCrop
1730,AnnualCrop
1731,AnnualCrop
1732,AnnualCrop
1733,HerbaceousVegetation
1734,HerbaceousVegetation
1735,AnnualCrop
1736,Industrial
1737,HerbaceousVegetation
1738,AnnualCrop
1739,AnnualCrop
1740,HerbaceousVegetation
1741,HerbaceousVegetation
1742,HerbaceousVegetation
1743,HerbaceousVegetation
1744,HerbaceousVegetation
1745,AnnualCrop
1746,HerbaceousVegetation
1747,HerbaceousVegetation
1748,AnnualCrop
1749,Forest
1750,HerbaceousVegetation
1751,AnnualCrop
1752,HerbaceousVegetation
1753,HerbaceousVegetation
1754,HerbaceousVegetation
1755,AnnualCrop
1756,HerbaceousVegetation
1757,HerbaceousVegetation
1758,AnnualCrop
1759,HerbaceousVegetation
1760,Forest
1761,AnnualCrop
1762,AnnualCrop
1763,AnnualCrop
1764,HerbaceousVegetation
1765,HerbaceousVegetation
1766,HerbaceousVegetation
1767,HerbaceousVegetation
1768,AnnualCrop
1769,HerbaceousVegetation
1770,HerbaceousVegetation
1771,AnnualCrop
1772,HerbaceousVegetation
1773,HerbaceousVegetation
1774,HerbaceousVegetation
1775,HerbaceousVegetation
1776,HerbaceousVegetation
1777,HerbaceousVegetation
1778,HerbaceousVegetation
1779,HerbaceousVegetation
1780,HerbaceousVegetation
1781,HerbaceousVegetation
1782,HerbaceousVegetation
1783,HerbaceousVegetation
1784,HerbaceousVegetation
1785,HerbaceousVegetation
1786,AnnualCrop
1787,HerbaceousVegetation
1788,Industrial
1789,HerbaceousVegetation
1790,HerbaceousVegetation
1791,HerbaceousVegetation
1792,AnnualCrop
1793,HerbaceousVegetation
1794,HerbaceousVegetation
1795,AnnualCrop
1796,HerbaceousVegetation
1797,AnnualCrop
1798,AnnualCrop
1799,HerbaceousVegetation
1800,AnnualCrop
1801,HerbaceousVegetation
1802,HerbaceousVegetation
1803,AnnualCrop
1804,HerbaceousVegetation
1805,AnnualCrop
1806,HerbaceousVegetation
1807,HerbaceousVegetation
1808,AnnualCrop
1809,AnnualCrop
1810,HerbaceousVegetation
1811,AnnualCrop
1812,HerbaceousVegetation
1813,AnnualCrop
1814,AnnualCrop
1815,HerbaceousVegetation
1816,AnnualCrop
1817,AnnualCrop
1818,AnnualCrop
1819,HerbaceousVegetation
1820,AnnualCrop
1821,AnnualCrop
1822,HerbaceousVegetation
1823,HerbaceousVegetation
1824,AnnualCrop
1825,AnnualCrop
1826,HerbaceousVegetation
1827,AnnualCrop
1828,HerbaceousVegetation
1829,HerbaceousVegetation
1830,HerbaceousVegetation
1831,HerbaceousVegetation
1832,HerbaceousVegetation
1833,HerbaceousVegetation
1834,AnnualCrop
1835,AnnualCrop
1836,HerbaceousVegetation
1837,HerbaceousVegetation
1838,HerbaceousVegetation
1839,Industrial
1840,AnnualCrop
1841,AnnualCrop
1842,HerbaceousVegetation
1843,HerbaceousVegetation
1844,AnnualCrop
1845,AnnualCrop
1846,Industrial
1847,HerbaceousVegetation
1848,AnnualCrop
1849,HerbaceousVegetation
1850,AnnualCrop
1851,HerbaceousVegetation
1852,AnnualCrop
1853,AnnualCrop
1854,AnnualCrop
1855,HerbaceousVegetation
1856,HerbaceousVegetation
1857,AnnualCrop
1858,AnnualCrop
1859,AnnualCrop
1860,HerbaceousVegetation
1861,HerbaceousVegetation
1862,HerbaceousVegetation
1863,HerbaceousVegetation
1864,AnnualCrop
1865,AnnualCrop
1866,HerbaceousVegetation
1867,HerbaceousVegetation
1868,HerbaceousVegetation
1869,AnnualCrop
1870,HerbaceousVegetation
1871,HerbaceousVegetation
1872,HerbaceousVegetation
1873,HerbaceousVegetation
1874,AnnualCrop
1875,AnnualCrop
1876,SeaLake
1877,HerbaceousVegetation
1878,HerbaceousVegetation
1879,HerbaceousVegetation
1880,HerbaceousVegetation
1881,AnnualCrop
1882,HerbaceousVegetation
1883,AnnualCrop
1884,HerbaceousVegetation
1885,HerbaceousVegetation
1886,AnnualCrop
1887,AnnualCrop
1888,HerbaceousVegetation
1889,HerbaceousVegetation
1890,HerbaceousVegetation
1891,HerbaceousVegetation
1892,HerbaceousVegetation
1893,HerbaceousVegetation
1894,HerbaceousVegetation
1895,AnnualCrop
1896,HerbaceousVegetation
1897,AnnualCrop
1898,HerbaceousVegetation
1899,HerbaceousVegetation
1900,HerbaceousVegetation
1901,HerbaceousVegetation
1902,HerbaceousVegetation
1903,HerbaceousVegetation
1904,AnnualCrop
1905,HerbaceousVegetation
1906,HerbaceousVegetation
1907,HerbaceousVegetation
1908,AnnualCrop
1909,HerbaceousVegetation
1910,Industrial
1911,AnnualCrop
1912,HerbaceousVegetation
1913,HerbaceousVegetation
1914,Industrial
1915,HerbaceousVegetation
1916,HerbaceousVegetation
1917,AnnualCrop
1918,Industrial
1919,AnnualCrop
1920,HerbaceousVegetation
1921,HerbaceousVegetation
1922,HerbaceousVegetation
1923,HerbaceousVegetation
1924,Industrial
1925,HerbaceousVegetation
1926,HerbaceousVegetation
1927,AnnualCrop
1928,HerbaceousVegetation
1929,HerbaceousVegetation
1930,HerbaceousVegetation
1931,HerbaceousVegetation
1932,HerbaceousVegetation
1933,HerbaceousVegetation
1934,HerbaceousVegetation
1935,AnnualCrop
1936,AnnualCrop
1937,HerbaceousVegetation
1938,HerbaceousVegetation
1939,HerbaceousVegetation
1940,HerbaceousVegetation
1941,HerbaceousVegetation
1942,HerbaceousVegetation
1943,HerbaceousVegetation
1944,AnnualCrop
1945,HerbaceousVegetation
1946,HerbaceousVegetation
1947,HerbaceousVegetation
1948,AnnualCrop
1949,AnnualCrop
1950,AnnualCrop
1951,HerbaceousVegetation
1952,AnnualCrop
1953,HerbaceousVegetation
1954,HerbaceousVegetation
1955,HerbaceousVegetation
1956,HerbaceousVegetation
1957,HerbaceousVegetation
1958,HerbaceousVegetation
1959,HerbaceousVegetation
1960,HerbaceousVegetation
1961,AnnualCrop
1962,Industrial
1963,AnnualCrop
1964,HerbaceousVegetation
1965,AnnualCrop
1966,HerbaceousVegetation
1967,AnnualCrop
1968,HerbaceousVegetation
1969,AnnualCrop
1970,HerbaceousVegetation
1971,AnnualCrop
1972,HerbaceousVegetation
1973,HerbaceousVegetation
1974,AnnualCrop
1975,AnnualCrop
1976,HerbaceousVegetation
1977,AnnualCrop
1978,HerbaceousVegetation
1979,HerbaceousVegetation
1980,HerbaceousVegetation
1981,HerbaceousVegetation
1982,HerbaceousVegetation
1983,HerbaceousVegetation
1984,HerbaceousVegetation
1985,HerbaceousVegetation
1986,HerbaceousVegetation
1987,AnnualCrop
1988,HerbaceousVegetation
1989,AnnualCrop
1990,AnnualCrop
1991,HerbaceousVegetation
1992,HerbaceousVegetation
1993,AnnualCrop
1994,AnnualCrop
1995,AnnualCrop
1996,HerbaceousVegetation
1997,HerbaceousVegetation
1998,AnnualCrop
1999,HerbaceousVegetation
2000,HerbaceousVegetation
2001,AnnualCrop
2002,HerbaceousVegetation
2003,AnnualCrop
2004,HerbaceousVegetation
2005,HerbaceousVegetation
2006,AnnualCrop
2007,Industrial
2008,AnnualCrop
2009,HerbaceousVegetation
2010,HerbaceousVegetation
2011,HerbaceousVegetation
2012,HerbaceousVegetation
2013,AnnualCrop
2014,HerbaceousVegetation
2015,HerbaceousVegetation
2016,HerbaceousVegetation
2017,HerbaceousVegetation
2018,HerbaceousVegetation
2019,HerbaceousVegetation
2020,HerbaceousVegetation
2021,HerbaceousVegetation
2022,HerbaceousVegetation
2023,HerbaceousVegetation
2024,HerbaceousVegetation
2025,SeaLake
2026,HerbaceousVegetation
2027,HerbaceousVegetation
2028,AnnualCrop
2029,Industrial
2030,AnnualCrop
2031,AnnualCrop
2032,HerbaceousVegetation
2033,HerbaceousVegetation
2034,HerbaceousVegetation
2035,AnnualCrop
2036,HerbaceousVegetation
2037,HerbaceousVegetation
2038,HerbaceousVegetation
2039,HerbaceousVegetation
2040,AnnualCrop
2041,AnnualCrop
2042,AnnualCrop
2043,HerbaceousVegetation
2044,HerbaceousVegetation
2045,HerbaceousVegetation
2046,HerbaceousVegetation
2047,HerbaceousVegetation
2048,HerbaceousVegetation
2049,HerbaceousVegetation
2050,HerbaceousVegetation
2051,HerbaceousVegetation
2052,HerbaceousVegetation
2053,Industrial
2054,HerbaceousVegetation
2055,HerbaceousVegetation
2056,HerbaceousVegetation
2057,AnnualCrop
2058,HerbaceousVegetation
2059,AnnualCrop
2060,HerbaceousVegetation
2061,HerbaceousVegetation
2062,AnnualCrop
2063,HerbaceousVegetation
2064,HerbaceousVegetation
2065,HerbaceousVegetation
2066,Forest
2067,HerbaceousVegetation
2068,HerbaceousVegetation
2069,HerbaceousVegetation
2070,HerbaceousVegetation
2071,HerbaceousVegetation
2072,AnnualCrop
2073,HerbaceousVegetation
2074,HerbaceousVegetation
2075,AnnualCrop
2076,AnnualCrop
2077,HerbaceousVegetation
2078,HerbaceousVegetation
2079,HerbaceousVegetation
2080,AnnualCrop
2081,Industrial
2082,HerbaceousVegetation
2083,HerbaceousVegetation
2084,HerbaceousVegetation
2085,AnnualCrop
2086,AnnualCrop
2087,HerbaceousVegetation
2088,HerbaceousVegetation
2089,HerbaceousVegetation
2090,SeaLake
2091,HerbaceousVegetation
2092,AnnualCrop
2093,AnnualCrop
2094,AnnualCrop
2095,HerbaceousVegetation
2096,HerbaceousVegetation
2097,HerbaceousVegetation
2098,AnnualCrop
2099,AnnualCrop
2100,HerbaceousVegetation
2101,River
2102,HerbaceousVegetation
2103,HerbaceousVegetation
2104,HerbaceousVegetation
2105,HerbaceousVegetation
2106,AnnualCrop
2107,HerbaceousVegetation
2108,HerbaceousVegetation
2109,HerbaceousVegetation
2110,HerbaceousVegetation
2111,AnnualCrop
2112,HerbaceousVegetation
2113,HerbaceousVegetation
2114,HerbaceousVegetation
2115,Industrial
2116,HerbaceousVegetation
2117,HerbaceousVegetation
2118,HerbaceousVegetation
2119,HerbaceousVegetation
2120,AnnualCrop
2121,HerbaceousVegetation
2122,HerbaceousVegetation
2123,AnnualCrop
2124,AnnualCrop
2125,AnnualCrop
2126,HerbaceousVegetation
2127,HerbaceousVegetation
2128,HerbaceousVegetation
2129,HerbaceousVegetation
2130,HerbaceousVegetation
2131,AnnualCrop
2132,HerbaceousVegetation
2133,HerbaceousVegetation
2134,Industrial
2135,AnnualCrop
2136,HerbaceousVegetation
2137,AnnualCrop
2138,HerbaceousVegetation
2139,HerbaceousVegetation
2140,HerbaceousVegetation
2141,HerbaceousVegetation
2142,AnnualCrop
2143,HerbaceousVegetation
2144,HerbaceousVegetation
2145,HerbaceousVegetation
2146,HerbaceousVegetation
2147,AnnualCrop
2148,AnnualCrop
2149,HerbaceousVegetation
2150,HerbaceousVegetation
2151,HerbaceousVegetation
2152,AnnualCrop
2153,AnnualCrop
2154,AnnualCrop
2155,HerbaceousVegetation
2156,AnnualCrop
2157,HerbaceousVegetation
2158,AnnualCrop
2159,HerbaceousVegetation
2160,HerbaceousVegetation
2161,HerbaceousVegetation
2162,AnnualCrop
2163,AnnualCrop
2164,HerbaceousVegetation
2165,AnnualCrop
2166,AnnualCrop
2167,HerbaceousVegetation
2168,HerbaceousVegetation
2169,AnnualCrop
2170,HerbaceousVegetation
2171,HerbaceousVegetation
2172,Industrial
2173,HerbaceousVegetation
2174,HerbaceousVegetation
2175,HerbaceousVegetation
2176,HerbaceousVegetation
2177,HerbaceousVegetation
2178,HerbaceousVegetation
2179,AnnualCrop
2180,AnnualCrop
2181,Industrial
2182,HerbaceousVegetation
2183,HerbaceousVegetation
2184,HerbaceousVegetation
2185,HerbaceousVegetation
2186,AnnualCrop
2187,HerbaceousVegetation
2188,AnnualCrop
2189,HerbaceousVegetation
2190,HerbaceousVegetation
2191,AnnualCrop
2192,SeaLake
2193,AnnualCrop
2194,HerbaceousVegetation
2195,HerbaceousVegetation
2196,HerbaceousVegetation
2197,HerbaceousVegetation
2198,HerbaceousVegetation
2199,HerbaceousVegetation
2200,AnnualCrop
2201,AnnualCrop
2202,HerbaceousVegetation
2203,HerbaceousVegetation
2204,HerbaceousVegetation
2205,HerbaceousVegetation
2206,HerbaceousVegetation
2207,HerbaceousVegetation
2208,HerbaceousVegetation
2209,HerbaceousVegetation
2210,HerbaceousVegetation
2211,HerbaceousVegetation
2212,AnnualCrop
2213,HerbaceousVegetation
2214,HerbaceousVegetation
2215,AnnualCrop
2216,AnnualCrop
2217,HerbaceousVegetation
2218,AnnualCrop
2219,HerbaceousVegetation
2220,HerbaceousVegetation
2221,HerbaceousVegetation
2222,Industrial
2223,HerbaceousVegetation
2224,HerbaceousVegetation
2225,HerbaceousVegetation
2226,AnnualCrop
2227,HerbaceousVegetation
2228,AnnualCrop
2229,HerbaceousVegetation
2230,AnnualCrop
2231,HerbaceousVegetation
2232,HerbaceousVegetation
2233,AnnualCrop
2234,AnnualCrop
2235,AnnualCrop
2236,AnnualCrop
2237,AnnualCrop
2238,HerbaceousVegetation
2239,HerbaceousVegetation
2240,HerbaceousVegetation
2241,HerbaceousVegetation
2242,AnnualCrop
2243,HerbaceousVegetation
2244,HerbaceousVegetation
2245,HerbaceousVegetation
2246,HerbaceousVegetation
2247,AnnualCrop
2248,HerbaceousVegetation
2249,HerbaceousVegetation
2250,HerbaceousVegetation
2251,AnnualCrop
2252,HerbaceousVegetation
2253,HerbaceousVegetation
2254,HerbaceousVegetation
2255,AnnualCrop
2256,AnnualCrop
2257,HerbaceousVegetation
2258,AnnualCrop
2259,AnnualCrop
2260,HerbaceousVegetation
2261,HerbaceousVegetation
2262,AnnualCrop
2263,AnnualCrop
2264,HerbaceousVegetation
2265,AnnualCrop
2266,HerbaceousVegetation
2267,AnnualCrop
2268,HerbaceousVegetation
2269,HerbaceousVegetation
2270,HerbaceousVegetation
2271,HerbaceousVegetation
2272,AnnualCrop
2273,HerbaceousVegetation
2274,HerbaceousVegetation
2275,HerbaceousVegetation
2276,AnnualCrop
2277,AnnualCrop
2278,HerbaceousVegetation
2279,HerbaceousVegetation
2280,HerbaceousVegetation
2281,HerbaceousVegetation
2282,HerbaceousVegetation
2283,HerbaceousVegetation
2284,HerbaceousVegetation
2285,HerbaceousVegetation
2286,Industrial
2287,HerbaceousVegetation
2288,AnnualCrop
2289,AnnualCrop
2290,HerbaceousVegetation
2291,AnnualCrop
2292,HerbaceousVegetation
2293,HerbaceousVegetation
2294,AnnualCrop
2295,HerbaceousVegetation
2296,AnnualCrop
2297,HerbaceousVegetation
2298,HerbaceousVegetation
2299,AnnualCrop
2300,HerbaceousVegetation
2301,AnnualCrop
2302,Forest
2303,AnnualCrop
2304,HerbaceousVegetation
2305,HerbaceousVegetation
2306,AnnualCrop
2307,HerbaceousVegetation
2308,HerbaceousVegetation
2309,AnnualCrop
2310,HerbaceousVegetation
2311,AnnualCrop
2312,HerbaceousVegetation
2313,HerbaceousVegetation
2314,HerbaceousVegetation
2315,HerbaceousVegetation
2316,HerbaceousVegetation
2317,AnnualCrop
2318,HerbaceousVegetation
2319,AnnualCrop
2320,AnnualCrop
2321,AnnualCrop
2322,HerbaceousVegetation
2323,AnnualCrop
2324,HerbaceousVegetation
2325,HerbaceousVegetation
2326,HerbaceousVegetation
2327,AnnualCrop
2328,AnnualCrop
2329,HerbaceousVegetation
2330,HerbaceousVegetation
2331,AnnualCrop
2332,HerbaceousVegetation
2333,AnnualCrop
2334,AnnualCrop
2335,AnnualCrop
2336,HerbaceousVegetation
2337,HerbaceousVegetation
2338,AnnualCrop
2339,HerbaceousVegetation
2340,Industrial
2341,HerbaceousVegetation
2342,HerbaceousVegetation
2343,HerbaceousVegetation
2344,HerbaceousVegetation
2345,HerbaceousVegetation
2346,HerbaceousVegetation
2347,HerbaceousVegetation
2348,HerbaceousVegetation
2349,HerbaceousVegetation
2350,HerbaceousVegetation
2351,AnnualCrop
2352,HerbaceousVegetation
2353,HerbaceousVegetation
2354,HerbaceousVegetation
2355,Forest
2356,HerbaceousVegetation
2357,HerbaceousVegetation
2358,HerbaceousVegetation
2359,Forest
2360,HerbaceousVegetation
2361,HerbaceousVegetation
2362,HerbaceousVegetation
2363,AnnualCrop
2364,HerbaceousVegetation
2365,HerbaceousVegetation
2366,AnnualCrop
2367,HerbaceousVegetation
2368,AnnualCrop
2369,AnnualCrop
2370,HerbaceousVegetation
2371,HerbaceousVegetation
2372,HerbaceousVegetation
2373,HerbaceousVegetation
2374,HerbaceousVegetation
2375,HerbaceousVegetation
2376,AnnualCrop
2377,HerbaceousVegetation
2378,Forest
2379,HerbaceousVegetation
2380,HerbaceousVegetation
2381,HerbaceousVegetation
2382,HerbaceousVegetation
2383,HerbaceousVegetation
2384,HerbaceousVegetation
2385,HerbaceousVegetation
2386,AnnualCrop
2387,HerbaceousVegetation
2388,HerbaceousVegetation
2389,HerbaceousVegetation
2390,HerbaceousVegetation
2391,HerbaceousVegetation
2392,AnnualCrop
2393,HerbaceousVegetation
2394,HerbaceousVegetation
2395,HerbaceousVegetation
2396,AnnualCrop
2397,HerbaceousVegetation
2398,HerbaceousVegetation
2399,HerbaceousVegetation
2400,AnnualCrop
2401,HerbaceousVegetation
2402,HerbaceousVegetation
2403,HerbaceousVegetation
2404,AnnualCrop
2405,HerbaceousVegetation
2406,HerbaceousVegetation
2407,HerbaceousVegetation
2408,HerbaceousVegetation
2409,AnnualCrop
2410,HerbaceousVegetation
2411,AnnualCrop
2412,AnnualCrop
2413,AnnualCrop
2414,HerbaceousVegetation
2415,HerbaceousVegetation
2416,HerbaceousVegetation
2417,Industrial
2418,HerbaceousVegetation
2419,AnnualCrop
2420,HerbaceousVegetation
2421,AnnualCrop
2422,HerbaceousVegetation
2423,HerbaceousVegetation
2424,HerbaceousVegetation
2425,HerbaceousVegetation
2426,HerbaceousVegetation
2427,HerbaceousVegetation
2428,HerbaceousVegetation
2429,HerbaceousVegetation
2430,AnnualCrop
2431,HerbaceousVegetation
2432,HerbaceousVegetation
2433,HerbaceousVegetation
2434,HerbaceousVegetation
2435,HerbaceousVegetation
2436,AnnualCrop
2437,AnnualCrop
2438,HerbaceousVegetation
2439,HerbaceousVegetation
2440,HerbaceousVegetation
2441,HerbaceousVegetation
2442,HerbaceousVegetation
2443,AnnualCrop
2444,HerbaceousVegetation
2445,HerbaceousVegetation
2446,AnnualCrop
2447,HerbaceousVegetation
2448,HerbaceousVegetation
2449,HerbaceousVegetation
2450,HerbaceousVegetation
2451,AnnualCrop
2452,HerbaceousVegetation
2453,HerbaceousVegetation
2454,AnnualCrop
2455,HerbaceousVegetation
2456,HerbaceousVegetation
2457,HerbaceousVegetation
2458,HerbaceousVegetation
2459,HerbaceousVegetation
2460,HerbaceousVegetation
2461,HerbaceousVegetation
2462,AnnualCrop
2463,HerbaceousVegetation
2464,HerbaceousVegetation
2465,Industrial
2466,HerbaceousVegetation
2467,HerbaceousVegetation
2468,HerbaceousVegetation
2469,AnnualCrop
2470,HerbaceousVegetation
2471,HerbaceousVegetation
2472,HerbaceousVegetation
2473,HerbaceousVegetation
2474,HerbaceousVegetation
2475,HerbaceousVegetation
2476,HerbaceousVegetation
2477,AnnualCrop
2478,HerbaceousVegetation
2479,HerbaceousVegetation
2480,HerbaceousVegetation
2481,HerbaceousVegetation
2482,HerbaceousVegetation
2483,HerbaceousVegetation
2484,HerbaceousVegetation
2485,HerbaceousVegetation
2486,AnnualCrop
2487,HerbaceousVegetation
2488,HerbaceousVegetation
2489,HerbaceousVegetation
2490,HerbaceousVegetation
2491,HerbaceousVegetation
2492,HerbaceousVegetation
2493,AnnualCrop
2494,HerbaceousVegetation
2495,HerbaceousVegetation
2496,HerbaceousVegetation
2497,Industrial
2498,HerbaceousVegetation
2499,HerbaceousVegetation
2500,HerbaceousVegetation
2501,HerbaceousVegetation
2502,HerbaceousVegetation
2503,HerbaceousVegetation
2504,HerbaceousVegetation
2505,AnnualCrop
2506,AnnualCrop
2507,AnnualCrop
2508,AnnualCrop
2509,HerbaceousVegetation
2510,AnnualCrop
2511,HerbaceousVegetation
2512,HerbaceousVegetation
2513,HerbaceousVegetation
2514,HerbaceousVegetation
2515,AnnualCrop
2516,HerbaceousVegetation
2517,HerbaceousVegetation
2518,HerbaceousVegetation
2519,AnnualCrop
2520,River
2521,HerbaceousVegetation
2522,AnnualCrop
2523,AnnualCrop
2524,HerbaceousVegetation
2525,HerbaceousVegetation
2526,HerbaceousVegetation
2527,HerbaceousVegetation
2528,HerbaceousVegetation
2529,HerbaceousVegetation
2530,HerbaceousVegetation
2531,AnnualCrop
2532,HerbaceousVegetation
2533,HerbaceousVegetation
2534,HerbaceousVegetation
2535,HerbaceousVegetation
2536,Industrial
2537,HerbaceousVegetation
2538,HerbaceousVegetation
2539,HerbaceousVegetation
2540,AnnualCrop
2541,HerbaceousVegetation
2542,HerbaceousVegetation
2543,HerbaceousVegetation
2544,HerbaceousVegetation
2545,AnnualCrop
2546,Industrial
2547,HerbaceousVegetation
2548,HerbaceousVegetation
2549,HerbaceousVegetation
2550,AnnualCrop
2551,HerbaceousVegetation
2552,HerbaceousVegetation
2553,HerbaceousVegetation
2554,HerbaceousVegetation
2555,HerbaceousVegetation
2556,AnnualCrop
2557,AnnualCrop
2558,HerbaceousVegetation
2559,HerbaceousVegetation
2560,HerbaceousVegetation
2561,HerbaceousVegetation
2562,Industrial
2563,HerbaceousVegetation
2564,HerbaceousVegetation
2565,HerbaceousVegetation
2566,HerbaceousVegetation
2567,HerbaceousVegetation
2568,HerbaceousVegetation
2569,HerbaceousVegetation
2570,HerbaceousVegetation
2571,HerbaceousVegetation
2572,Industrial
2573,AnnualCrop
2574,AnnualCrop
2575,HerbaceousVegetation
2576,HerbaceousVegetation
2577,AnnualCrop
2578,Industrial
2579,AnnualCrop
2580,AnnualCrop
2581,HerbaceousVegetation
2582,AnnualCrop
2583,HerbaceousVegetation
2584,HerbaceousVegetation
2585,HerbaceousVegetation
2586,HerbaceousVegetation
2587,AnnualCrop
2588,HerbaceousVegetation
2589,HerbaceousVegetation
2590,HerbaceousVegetation
2591,HerbaceousVegetation
2592,HerbaceousVegetation
2593,HerbaceousVegetation
2594,AnnualCrop
2595,HerbaceousVegetation
2596,HerbaceousVegetation
2597,AnnualCrop
2598,AnnualCrop
2599,HerbaceousVegetation
2600,AnnualCrop
2601,HerbaceousVegetation
2602,HerbaceousVegetation
2603,HerbaceousVegetation
2604,HerbaceousVegetation
2605,HerbaceousVegetation
2606,AnnualCrop
2607,AnnualCrop
2608,AnnualCrop
2609,AnnualCrop
2610,HerbaceousVegetation
2611,AnnualCrop
2612,HerbaceousVegetation
2613,HerbaceousVegetation
2614,HerbaceousVegetation
2615,HerbaceousVegetation
2616,HerbaceousVegetation
2617,HerbaceousVegetation
2618,HerbaceousVegetation
2619,HerbaceousVegetation
2620,HerbaceousVegetation
2621,AnnualCrop
2622,AnnualCrop
2623,Industrial
2624,AnnualCrop
2625,HerbaceousVegetation
2626,HerbaceousVegetation
2627,AnnualCrop
2628,HerbaceousVegetation
2629,HerbaceousVegetation
2630,HerbaceousVegetation
2631,HerbaceousVegetation
2632,HerbaceousVegetation
2633,AnnualCrop
2634,HerbaceousVegetation
2635,AnnualCrop
2636,HerbaceousVegetation
2637,AnnualCrop
2638,AnnualCrop
2639,HerbaceousVegetation
2640,HerbaceousVegetation
2641,HerbaceousVegetation
2642,HerbaceousVegetation
2643,HerbaceousVegetation
2644,HerbaceousVegetation
2645,HerbaceousVegetation
2646,HerbaceousVegetation
2647,HerbaceousVegetation
2648,HerbaceousVegetation
2649,HerbaceousVegetation
2650,HerbaceousVegetation
2651,HerbaceousVegetation
2652,HerbaceousVegetation
2653,SeaLake
2654,HerbaceousVegetation
2655,HerbaceousVegetation
2656,Industrial
2657,HerbaceousVegetation
2658,HerbaceousVegetation
2659,HerbaceousVegetation
2660,AnnualCrop
2661,HerbaceousVegetation
2662,HerbaceousVegetation
2663,Industrial
2664,AnnualCrop
2665,HerbaceousVegetation
2666,HerbaceousVegetation
2667,AnnualCrop
2668,HerbaceousVegetation
2669,HerbaceousVegetation
2670,HerbaceousVegetation
2671,AnnualCrop
2672,AnnualCrop
2673,HerbaceousVegetation
2674,HerbaceousVegetation
2675,AnnualCrop
2676,AnnualCrop
2677,HerbaceousVegetation
2678,Industrial
2679,AnnualCrop
2680,AnnualCrop
2681,HerbaceousVegetation
2682,HerbaceousVegetation
2683,HerbaceousVegetation
2684,HerbaceousVegetation
2685,HerbaceousVegetation
2686,HerbaceousVegetation
2687,HerbaceousVegetation
2688,HerbaceousVegetation
2689,AnnualCrop
2690,AnnualCrop
2691,AnnualCrop
2692,Forest
2693,HerbaceousVegetation
2694,HerbaceousVegetation
2695,AnnualCrop
2696,AnnualCrop
2697,AnnualCrop
2698,HerbaceousVegetation
2699,HerbaceousVegetation
2700,AnnualCrop
2701,AnnualCrop
2702,AnnualCrop
2703,HerbaceousVegetation
2704,HerbaceousVegetation
2705,HerbaceousVegetation
2706,HerbaceousVegetation
2707,HerbaceousVegetation
2708,HerbaceousVegetation
2709,HerbaceousVegetation
2710,HerbaceousVegetation
2711,HerbaceousVegetation
2712,AnnualCrop
2713,HerbaceousVegetation
2714,AnnualCrop
2715,AnnualCrop
2716,HerbaceousVegetation
2717,HerbaceousVegetation
2718,AnnualCrop
2719,HerbaceousVegetation
2720,AnnualCrop
2721,Forest
2722,HerbaceousVegetation
2723,HerbaceousVegetation
2724,HerbaceousVegetation
2725,AnnualCrop
2726,HerbaceousVegetation
2727,HerbaceousVegetation
2728,HerbaceousVegetation
2729,HerbaceousVegetation
2730,HerbaceousVegetation
2731,AnnualCrop
2732,HerbaceousVegetation
2733,SeaLake
2734,HerbaceousVegetation
2735,HerbaceousVegetation
2736,HerbaceousVegetation
2737,HerbaceousVegetation
2738,HerbaceousVegetation
2739,HerbaceousVegetation
2740,AnnualCrop
2741,HerbaceousVegetation
2742,HerbaceousVegetation
2743,HerbaceousVegetation
2744,HerbaceousVegetation
2745,HerbaceousVegetation
2746,HerbaceousVegetation
2747,HerbaceousVegetation
2748,HerbaceousVegetation
2749,HerbaceousVegetation
2750,AnnualCrop
2751,AnnualCrop
2752,AnnualCrop
2753,AnnualCrop
2754,HerbaceousVegetation
2755,HerbaceousVegetation
2756,HerbaceousVegetation
2757,AnnualCrop
2758,AnnualCrop
2759,HerbaceousVegetation
2760,AnnualCrop
2761,HerbaceousVegetation
2762,HerbaceousVegetation
2763,HerbaceousVegetation
2764,HerbaceousVegetation
2765,HerbaceousVegetation
2766,AnnualCrop
2767,HerbaceousVegetation
2768,HerbaceousVegetation
2769,HerbaceousVegetation
2770,HerbaceousVegetation
2771,HerbaceousVegetation
2772,AnnualCrop
2773,HerbaceousVegetation
2774,HerbaceousVegetation
2775,HerbaceousVegetation
2776,AnnualCrop
2777,HerbaceousVegetation
2778,HerbaceousVegetation
2779,HerbaceousVegetation
2780,AnnualCrop
2781,HerbaceousVegetation
2782,AnnualCrop
2783,HerbaceousVegetation
2784,Residential
2785,HerbaceousVegetation
2786,AnnualCrop
2787,HerbaceousVegetation
2788,HerbaceousVegetation
2789,HerbaceousVegetation
2790,HerbaceousVegetation
2791,Industrial
2792,HerbaceousVegetation
2793,HerbaceousVegetation
2794,HerbaceousVegetation
2795,Forest
2796,AnnualCrop
2797,HerbaceousVegetation
2798,HerbaceousVegetation
2799,HerbaceousVegetation
2800,HerbaceousVegetation
2801,HerbaceousVegetation
2802,HerbaceousVegetation
2803,HerbaceousVegetation
2804,HerbaceousVegetation
2805,HerbaceousVegetation
2806,HerbaceousVegetation
2807,HerbaceousVegetation
2808,HerbaceousVegetation
2809,HerbaceousVegetation
2810,AnnualCrop
2811,HerbaceousVegetation
2812,HerbaceousVegetation
2813,AnnualCrop
2814,AnnualCrop
2815,HerbaceousVegetation
2816,HerbaceousVegetation
2817,HerbaceousVegetation
2818,HerbaceousVegetation
2819,HerbaceousVegetation
2820,HerbaceousVegetation
2821,AnnualCrop
2822,AnnualCrop
2823,Forest
2824,AnnualCrop
2825,AnnualCrop
2826,HerbaceousVegetation
2827,Residential
2828,HerbaceousVegetation
2829,AnnualCrop
2830,HerbaceousVegetation
2831,AnnualCrop
2832,HerbaceousVegetation
2833,HerbaceousVegetation
2834,AnnualCrop
2835,AnnualCrop
2836,HerbaceousVegetation
2837,HerbaceousVegetation
2838,HerbaceousVegetation
2839,HerbaceousVegetation
2840,HerbaceousVegetation
2841,HerbaceousVegetation
2842,SeaLake
2843,HerbaceousVegetation
2844,HerbaceousVegetation
2845,HerbaceousVegetation
2846,HerbaceousVegetation
2847,AnnualCrop
2848,HerbaceousVegetation
2849,AnnualCrop
2850,HerbaceousVegetation
2851,HerbaceousVegetation
2852,HerbaceousVegetation
2853,AnnualCrop
2854,AnnualCrop
2855,HerbaceousVegetation
2856,AnnualCrop
2857,Forest
2858,HerbaceousVegetation
2859,HerbaceousVegetation
2860,AnnualCrop
2861,HerbaceousVegetation
2862,HerbaceousVegetation
2863,AnnualCrop
2864,HerbaceousVegetation
2865,AnnualCrop
2866,AnnualCrop
2867,HerbaceousVegetation
2868,HerbaceousVegetation
2869,AnnualCrop
2870,AnnualCrop
2871,HerbaceousVegetation
2872,Industrial
2873,AnnualCrop
2874,HerbaceousVegetation
2875,AnnualCrop
2876,HerbaceousVegetation
2877,HerbaceousVegetation
2878,HerbaceousVegetation
2879,AnnualCrop
2880,HerbaceousVegetation
2881,AnnualCrop
2882,HerbaceousVegetation
2883,AnnualCrop
2884,HerbaceousVegetation
2885,HerbaceousVegetation
2886,HerbaceousVegetation
2887,AnnualCrop
2888,HerbaceousVegetation
2889,AnnualCrop
2890,HerbaceousVegetation
2891,HerbaceousVegetation
2892,HerbaceousVegetation
2893,AnnualCrop
2894,AnnualCrop
2895,HerbaceousVegetation
2896,AnnualCrop
2897,HerbaceousVegetation
2898,HerbaceousVegetation
2899,HerbaceousVegetation
2900,AnnualCrop
2901,HerbaceousVegetation
2902,AnnualCrop
2903,HerbaceousVegetation
2904,AnnualCrop
2905,HerbaceousVegetation
2906,HerbaceousVegetation
2907,HerbaceousVegetation
2908,HerbaceousVegetation
2909,HerbaceousVegetation
2910,HerbaceousVegetation
2911,HerbaceousVegetation
2912,HerbaceousVegetation
2913,HerbaceousVegetation
2914,HerbaceousVegetation
2915,AnnualCrop
2916,HerbaceousVegetation
2917,AnnualCrop
2918,HerbaceousVegetation
2919,HerbaceousVegetation
2920,AnnualCrop
2921,HerbaceousVegetation
2922,AnnualCrop
2923,HerbaceousVegetation
2924,Forest
2925,HerbaceousVegetation
2926,HerbaceousVegetation
2927,HerbaceousVegetation
2928,AnnualCrop
2929,AnnualCrop
2930,HerbaceousVegetation
2931,HerbaceousVegetation
2932,HerbaceousVegetation
2933,AnnualCrop
2934,HerbaceousVegetation
2935,AnnualCrop
2936,HerbaceousVegetation
2937,HerbaceousVegetation
2938,AnnualCrop
2939,AnnualCrop
2940,HerbaceousVegetation
2941,HerbaceousVegetation
2942,HerbaceousVegetation
2943,AnnualCrop
2944,HerbaceousVegetation
2945,AnnualCrop
2946,HerbaceousVegetation
2947,HerbaceousVegetation
2948,Forest
2949,HerbaceousVegetation
2950,AnnualCrop
2951,HerbaceousVegetation
2952,SeaLake
2953,AnnualCrop
2954,HerbaceousVegetation
2955,Industrial
2956,AnnualCrop
2957,AnnualCrop
2958,HerbaceousVegetation
2959,HerbaceousVegetation
2960,AnnualCrop
2961,HerbaceousVegetation
2962,HerbaceousVegetation
2963,HerbaceousVegetation
2964,AnnualCrop
2965,HerbaceousVegetation
2966,AnnualCrop
2967,HerbaceousVegetation
2968,HerbaceousVegetation
2969,HerbaceousVegetation
2970,AnnualCrop
2971,HerbaceousVegetation
2972,HerbaceousVegetation
2973,AnnualCrop
2974,HerbaceousVegetation
2975,AnnualCrop
2976,AnnualCrop
2977,HerbaceousVegetation
2978,AnnualCrop
2979,HerbaceousVegetation
2980,HerbaceousVegetation
2981,AnnualCrop
2982,HerbaceousVegetation
2983,AnnualCrop
2984,HerbaceousVegetation
2985,AnnualCrop
2986,AnnualCrop
2987,HerbaceousVegetation
2988,HerbaceousVegetation
2989,Industrial
2990,HerbaceousVegetation
2991,AnnualCrop
2992,HerbaceousVegetation
2993,AnnualCrop
2994,HerbaceousVegetation
2995,AnnualCrop
2996,HerbaceousVegetation
2997,HerbaceousVegetation
2998,AnnualCrop
2999,HerbaceousVegetation
3000,AnnualCrop
3001,HerbaceousVegetation
3002,AnnualCrop
3003,AnnualCrop
3004,Industrial
3005,HerbaceousVegetation
3006,HerbaceousVegetation
3007,HerbaceousVegetation
3008,HerbaceousVegetation
3009,HerbaceousVegetation
3010,HerbaceousVegetation
3011,HerbaceousVegetation
3012,HerbaceousVegetation
3013,Forest
3014,HerbaceousVegetation
3015,AnnualCrop
3016,Industrial
3017,HerbaceousVegetation
3018,HerbaceousVegetation
3019,AnnualCrop
3020,HerbaceousVegetation
3021,HerbaceousVegetation
3022,HerbaceousVegetation
3023,HerbaceousVegetation
3024,HerbaceousVegetation
3025,HerbaceousVegetation
3026,HerbaceousVegetation
3027,HerbaceousVegetation
3028,HerbaceousVegetation
3029,HerbaceousVegetation
3030,HerbaceousVegetation
3031,AnnualCrop
3032,HerbaceousVegetation
3033,HerbaceousVegetation
3034,HerbaceousVegetation
3035,HerbaceousVegetation
3036,AnnualCrop
3037,AnnualCrop
3038,HerbaceousVegetation
3039,HerbaceousVegetation
3040,HerbaceousVegetation
3041,AnnualCrop
3042,HerbaceousVegetation
3043,AnnualCrop
3044,HerbaceousVegetation
3045,AnnualCrop
3046,HerbaceousVegetation
3047,HerbaceousVegetation
3048,Industrial
3049,AnnualCrop
3050,HerbaceousVegetation
3051,AnnualCrop
3052,HerbaceousVegetation
3053,HerbaceousVegetation
3054,HerbaceousVegetation
3055,HerbaceousVegetation
3056,HerbaceousVegetation
3057,Forest
3058,AnnualCrop
3059,Residential
3060,HerbaceousVegetation
3061,HerbaceousVegetation
3062,HerbaceousVegetation
3063,HerbaceousVegetation
3064,AnnualCrop
3065,AnnualCrop
3066,AnnualCrop
3067,Industrial
3068,HerbaceousVegetation
3069,HerbaceousVegetation
3070,HerbaceousVegetation
3071,HerbaceousVegetation
3072,HerbaceousVegetation
3073,AnnualCrop
3074,HerbaceousVegetation
3075,AnnualCrop
3076,HerbaceousVegetation
3077,HerbaceousVegetation
3078,HerbaceousVegetation
3079,HerbaceousVegetation
3080,HerbaceousVegetation
3081,AnnualCrop
3082,HerbaceousVegetation
3083,HerbaceousVegetation
3084,AnnualCrop
3085,AnnualCrop
3086,AnnualCrop
3087,AnnualCrop
3088,HerbaceousVegetation
3089,HerbaceousVegetation
3090,HerbaceousVegetation
3091,AnnualCrop
3092,HerbaceousVegetation
3093,HerbaceousVegetation
3094,AnnualCrop
3095,HerbaceousVegetation
3096,HerbaceousVegetation
3097,Industrial
3098,HerbaceousVegetation
3099,HerbaceousVegetation
3100,HerbaceousVegetation
3101,HerbaceousVegetation
3102,AnnualCrop
3103,HerbaceousVegetation
3104,HerbaceousVegetation
3105,AnnualCrop
3106,HerbaceousVegetation
3107,AnnualCrop
3108,HerbaceousVegetation
3109,Industrial
3110,HerbaceousVegetation
3111,HerbaceousVegetation
3112,SeaLake
3113,AnnualCrop
3114,HerbaceousVegetation
3115,HerbaceousVegetation
3116,HerbaceousVegetation
3117,HerbaceousVegetation
3118,HerbaceousVegetation
3119,HerbaceousVegetation
3120,HerbaceousVegetation
3121,HerbaceousVegetation
3122,AnnualCrop
3123,AnnualCrop
3124,HerbaceousVegetation
3125,HerbaceousVegetation
3126,AnnualCrop
3127,HerbaceousVegetation
3128,AnnualCrop
3129,HerbaceousVegetation
3130,HerbaceousVegetation
3131,AnnualCrop
3132,SeaLake
3133,HerbaceousVegetation
3134,HerbaceousVegetation
3135,Forest
3136,HerbaceousVegetation
3137,HerbaceousVegetation
3138,AnnualCrop
3139,HerbaceousVegetation
3140,AnnualCrop
3141,HerbaceousVegetation
3142,HerbaceousVegetation
3143,HerbaceousVegetation
3144,Forest
3145,HerbaceousVegetation
3146,HerbaceousVegetation
3147,AnnualCrop
3148,HerbaceousVegetation
3149,HerbaceousVegetation
3150,HerbaceousVegetation
3151,AnnualCrop
3152,HerbaceousVegetation
3153,HerbaceousVegetation
3154,HerbaceousVegetation
3155,AnnualCrop
3156,Forest
3157,HerbaceousVegetation
3158,SeaLake
3159,HerbaceousVegetation
3160,HerbaceousVegetation
3161,Industrial
3162,Forest
3163,HerbaceousVegetation
3164,HerbaceousVegetation
3165,AnnualCrop
3166,HerbaceousVegetation
3167,AnnualCrop
3168,HerbaceousVegetation
3169,AnnualCrop
3170,AnnualCrop
3171,AnnualCrop
3172,AnnualCrop
3173,AnnualCrop
3174,HerbaceousVegetation
3175,HerbaceousVegetation
3176,HerbaceousVegetation
3177,HerbaceousVegetation
3178,HerbaceousVegetation
3179,AnnualCrop
3180,HerbaceousVegetation
3181,HerbaceousVegetation
3182,HerbaceousVegetation
3183,HerbaceousVegetation
3184,HerbaceousVegetation
3185,HerbaceousVegetation
3186,HerbaceousVegetation
3187,AnnualCrop
3188,HerbaceousVegetation
3189,HerbaceousVegetation
3190,HerbaceousVegetation
3191,HerbaceousVegetation
3192,HerbaceousVegetation
3193,Forest
3194,Highway
3195,HerbaceousVegetation
3196,HerbaceousVegetation
3197,HerbaceousVegetation
3198,HerbaceousVegetation
3199,AnnualCrop
3200,HerbaceousVegetation
3201,HerbaceousVegetation
3202,HerbaceousVegetation
3203,HerbaceousVegetation
3204,HerbaceousVegetation
3205,AnnualCrop
3206,HerbaceousVegetation
3207,AnnualCrop
3208,HerbaceousVegetation
3209,AnnualCrop
3210,HerbaceousVegetation
3211,AnnualCrop
3212,HerbaceousVegetation
3213,HerbaceousVegetation
3214,HerbaceousVegetation
3215,HerbaceousVegetation
3216,River
3217,HerbaceousVegetation
3218,HerbaceousVegetation
3219,HerbaceousVegetation
3220,AnnualCrop
3221,HerbaceousVegetation
3222,HerbaceousVegetation
3223,HerbaceousVegetation
3224,AnnualCrop
3225,HerbaceousVegetation
3226,AnnualCrop
3227,HerbaceousVegetation
3228,HerbaceousVegetation
3229,AnnualCrop
3230,AnnualCrop
3231,HerbaceousVegetation
3232,AnnualCrop
3233,AnnualCrop
3234,AnnualCrop
3235,AnnualCrop
3236,AnnualCrop
3237,HerbaceousVegetation
3238,HerbaceousVegetation
3239,HerbaceousVegetation
3240,HerbaceousVegetation
3241,HerbaceousVegetation
3242,AnnualCrop
3243,HerbaceousVegetation
3244,HerbaceousVegetation
3245,HerbaceousVegetation
3246,HerbaceousVegetation
3247,HerbaceousVegetation
3248,HerbaceousVegetation
3249,AnnualCrop
3250,HerbaceousVegetation
3251,AnnualCrop
3252,AnnualCrop
3253,HerbaceousVegetation
3254,HerbaceousVegetation
3255,HerbaceousVegetation
3256,HerbaceousVegetation
3257,HerbaceousVegetation
3258,HerbaceousVegetation
3259,HerbaceousVegetation
3260,HerbaceousVegetation
3261,AnnualCrop
3262,HerbaceousVegetation
3263,HerbaceousVegetation
3264,AnnualCrop
3265,AnnualCrop
3266,AnnualCrop
3267,HerbaceousVegetation
3268,HerbaceousVegetation
3269,HerbaceousVegetation
3270,AnnualCrop
3271,HerbaceousVegetation
3272,HerbaceousVegetation
3273,HerbaceousVegetation
3274,HerbaceousVegetation
3275,HerbaceousVegetation
3276,HerbaceousVegetation
3277,AnnualCrop
3278,HerbaceousVegetation
3279,HerbaceousVegetation
3280,AnnualCrop
3281,HerbaceousVegetation
3282,HerbaceousVegetation
3283,HerbaceousVegetation
3284,HerbaceousVegetation
3285,AnnualCrop
3286,HerbaceousVegetation
3287,HerbaceousVegetation
3288,AnnualCrop
3289,HerbaceousVegetation
3290,HerbaceousVegetation
3291,AnnualCrop
3292,HerbaceousVegetation
3293,HerbaceousVegetation
3294,AnnualCrop
3295,AnnualCrop
3296,AnnualCrop
3297,HerbaceousVegetation
3298,HerbaceousVegetation
3299,AnnualCrop
3300,HerbaceousVegetation
3301,HerbaceousVegetation
3302,HerbaceousVegetation
3303,Industrial
3304,HerbaceousVegetation
3305,HerbaceousVegetation
3306,HerbaceousVegetation
3307,HerbaceousVegetation
3308,AnnualCrop
3309,HerbaceousVegetation
3310,HerbaceousVegetation
3311,AnnualCrop
3312,HerbaceousVegetation
3313,AnnualCrop
3314,HerbaceousVegetation
3315,HerbaceousVegetation
3316,HerbaceousVegetation
3317,Industrial
3318,HerbaceousVegetation
3319,HerbaceousVegetation
3320,AnnualCrop
3321,AnnualCrop
3322,HerbaceousVegetation
3323,HerbaceousVegetation
3324,HerbaceousVegetation
3325,HerbaceousVegetation
3326,HerbaceousVegetation
3327,HerbaceousVegetation
3328,AnnualCrop
3329,HerbaceousVegetation
3330,HerbaceousVegetation
3331,AnnualCrop
3332,AnnualCrop
3333,HerbaceousVegetation
3334,HerbaceousVegetation
3335,AnnualCrop
3336,HerbaceousVegetation
3337,HerbaceousVegetation
3338,HerbaceousVegetation
3339,HerbaceousVegetation
3340,Industrial
3341,AnnualCrop
3342,HerbaceousVegetation
3343,AnnualCrop
3344,HerbaceousVegetation
3345,AnnualCrop
3346,HerbaceousVegetation
3347,HerbaceousVegetation
3348,AnnualCrop
3349,HerbaceousVegetation
3350,HerbaceousVegetation
3351,HerbaceousVegetation
3352,AnnualCrop
3353,HerbaceousVegetation
3354,HerbaceousVegetation
3355,HerbaceousVegetation
3356,HerbaceousVegetation
3357,HerbaceousVegetation
3358,HerbaceousVegetation
3359,HerbaceousVegetation
3360,HerbaceousVegetation
3361,AnnualCrop
3362,HerbaceousVegetation
3363,HerbaceousVegetation
3364,HerbaceousVegetation
3365,HerbaceousVegetation
3366,SeaLake
3367,HerbaceousVegetation
3368,AnnualCrop
3369,HerbaceousVegetation
3370,AnnualCrop
3371,Forest
3372,HerbaceousVegetation
3373,HerbaceousVegetation
3374,Highway
3375,AnnualCrop
3376,AnnualCrop
3377,HerbaceousVegetation
3378,HerbaceousVegetation
3379,HerbaceousVegetation
3380,AnnualCrop
3381,HerbaceousVegetation
3382,HerbaceousVegetation
3383,HerbaceousVegetation
3384,HerbaceousVegetation
3385,HerbaceousVegetation
3386,AnnualCrop
3387,HerbaceousVegetation
3388,AnnualCrop
3389,AnnualCrop
3390,HerbaceousVegetation
3391,Industrial
3392,Industrial
3393,AnnualCrop
3394,AnnualCrop
3395,HerbaceousVegetation
3396,HerbaceousVegetation
3397,HerbaceousVegetation
3398,HerbaceousVegetation
3399,HerbaceousVegetation
3400,AnnualCrop
3401,HerbaceousVegetation
3402,HerbaceousVegetation
3403,HerbaceousVegetation
3404,HerbaceousVegetation
3405,HerbaceousVegetation
3406,AnnualCrop
3407,AnnualCrop
3408,AnnualCrop
3409,HerbaceousVegetation
3410,HerbaceousVegetation
3411,HerbaceousVegetation
3412,HerbaceousVegetation
3413,HerbaceousVegetation
3414,AnnualCrop
3415,HerbaceousVegetation
3416,HerbaceousVegetation
3417,AnnualCrop
3418,HerbaceousVegetation
3419,HerbaceousVegetation
3420,AnnualCrop
3421,AnnualCrop
3422,HerbaceousVegetation
3423,HerbaceousVegetation
3424,HerbaceousVegetation
3425,AnnualCrop
3426,HerbaceousVegetation
3427,HerbaceousVegetation
3428,SeaLake
3429,HerbaceousVegetation
3430,AnnualCrop
3431,HerbaceousVegetation
3432,AnnualCrop
3433,AnnualCrop
3434,AnnualCrop
3435,HerbaceousVegetation
3436,HerbaceousVegetation
3437,HerbaceousVegetation
3438,AnnualCrop
3439,HerbaceousVegetation
3440,HerbaceousVegetation
3441,HerbaceousVegetation
3442,HerbaceousVegetation
3443,AnnualCrop
3444,AnnualCrop
3445,HerbaceousVegetation
3446,HerbaceousVegetation
3447,HerbaceousVegetation
3448,HerbaceousVegetation
3449,HerbaceousVegetation
3450,AnnualCrop
3451,HerbaceousVegetation
3452,HerbaceousVegetation
3453,HerbaceousVegetation
3454,HerbaceousVegetation
3455,HerbaceousVegetation
3456,HerbaceousVegetation
3457,AnnualCrop
3458,AnnualCrop
3459,HerbaceousVegetation
3460,HerbaceousVegetation
3461,AnnualCrop
3462,AnnualCrop
3463,HerbaceousVegetation
3464,HerbaceousVegetation
3465,HerbaceousVegetation
3466,SeaLake
3467,AnnualCrop
3468,HerbaceousVegetation
3469,HerbaceousVegetation
3470,AnnualCrop
3471,HerbaceousVegetation
3472,HerbaceousVegetation
3473,AnnualCrop
3474,HerbaceousVegetation
3475,AnnualCrop
3476,AnnualCrop
3477,HerbaceousVegetation
3478,AnnualCrop
3479,HerbaceousVegetation
3480,AnnualCrop
3481,AnnualCrop
3482,AnnualCrop
3483,HerbaceousVegetation
3484,AnnualCrop
3485,HerbaceousVegetation
3486,AnnualCrop
3487,HerbaceousVegetation
3488,HerbaceousVegetation
3489,Industrial
3490,AnnualCrop
3491,HerbaceousVegetation
3492,HerbaceousVegetation
3493,HerbaceousVegetation
3494,AnnualCrop
3495,HerbaceousVegetation
3496,HerbaceousVegetation
3497,HerbaceousVegetation
3498,HerbaceousVegetation
3499,HerbaceousVegetation
3500,AnnualCrop
3501,HerbaceousVegetation
3502,HerbaceousVegetation
3503,Forest
3504,HerbaceousVegetation
3505,HerbaceousVegetation
3506,AnnualCrop
3507,Industrial
3508,HerbaceousVegetation
3509,HerbaceousVegetation
3510,HerbaceousVegetation
3511,HerbaceousVegetation
3512,HerbaceousVegetation
3513,AnnualCrop
3514,HerbaceousVegetation
3515,HerbaceousVegetation
3516,HerbaceousVegetation
3517,HerbaceousVegetation
3518,HerbaceousVegetation
3519,HerbaceousVegetation
3520,River
3521,HerbaceousVegetation
3522,HerbaceousVegetation
3523,HerbaceousVegetation
3524,HerbaceousVegetation
3525,HerbaceousVegetation
3526,HerbaceousVegetation
3527,HerbaceousVegetation
3528,AnnualCrop
3529,HerbaceousVegetation
3530,HerbaceousVegetation
3531,Industrial
3532,AnnualCrop
3533,AnnualCrop
3534,Industrial
3535,AnnualCrop
3536,HerbaceousVegetation
3537,HerbaceousVegetation
3538,HerbaceousVegetation
3539,HerbaceousVegetation
3540,HerbaceousVegetation
3541,HerbaceousVegetation
3542,AnnualCrop
3543,HerbaceousVegetation
3544,AnnualCrop
3545,AnnualCrop
3546,HerbaceousVegetation
3547,HerbaceousVegetation
3548,Forest
3549,HerbaceousVegetation
3550,HerbaceousVegetation
3551,HerbaceousVegetation
3552,HerbaceousVegetation
3553,HerbaceousVegetation
3554,AnnualCrop
3555,HerbaceousVegetation
3556,HerbaceousVegetation
3557,AnnualCrop
3558,HerbaceousVegetation
3559,River
3560,HerbaceousVegetation
3561,Industrial
3562,HerbaceousVegetation
3563,HerbaceousVegetation
3564,HerbaceousVegetation
3565,HerbaceousVegetation
3566,SeaLake
3567,HerbaceousVegetation
3568,HerbaceousVegetation
3569,HerbaceousVegetation
3570,HerbaceousVegetation
3571,AnnualCrop
3572,HerbaceousVegetation
3573,HerbaceousVegetation
3574,AnnualCrop
3575,HerbaceousVegetation
3576,HerbaceousVegetation
3577,Industrial
3578,HerbaceousVegetation
3579,HerbaceousVegetation
3580,HerbaceousVegetation
3581,HerbaceousVegetation
3582,HerbaceousVegetation
3583,HerbaceousVegetation
3584,Industrial
3585,HerbaceousVegetation
3586,HerbaceousVegetation
3587,HerbaceousVegetation
3588,AnnualCrop
3589,HerbaceousVegetation
3590,HerbaceousVegetation
3591,HerbaceousVegetation
3592,HerbaceousVegetation
3593,AnnualCrop
3594,HerbaceousVegetation
3595,HerbaceousVegetation
3596,HerbaceousVegetation
3597,HerbaceousVegetation
3598,AnnualCrop
3599,HerbaceousVegetation
3600,HerbaceousVegetation
3601,AnnualCrop
3602,HerbaceousVegetation
3603,Industrial
3604,HerbaceousVegetation
3605,HerbaceousVegetation
3606,AnnualCrop
3607,HerbaceousVegetation
3608,HerbaceousVegetation
3609,Forest
3610,HerbaceousVegetation
3611,HerbaceousVegetation
3612,HerbaceousVegetation
3613,AnnualCrop
3614,HerbaceousVegetation
3615,HerbaceousVegetation
3616,HerbaceousVegetation
3617,HerbaceousVegetation
3618,HerbaceousVegetation
3619,HerbaceousVegetation
3620,HerbaceousVegetation
3621,HerbaceousVegetation
3622,AnnualCrop
3623,AnnualCrop
3624,AnnualCrop
3625,HerbaceousVegetation
3626,HerbaceousVegetation
3627,AnnualCrop
3628,HerbaceousVegetation
3629,HerbaceousVegetation
3630,HerbaceousVegetation
3631,HerbaceousVegetation
3632,AnnualCrop
3633,AnnualCrop
3634,HerbaceousVegetation
3635,AnnualCrop
3636,HerbaceousVegetation
3637,HerbaceousVegetation
3638,HerbaceousVegetation
3639,HerbaceousVegetation
3640,Highway
3641,AnnualCrop
3642,HerbaceousVegetation
3643,HerbaceousVegetation
3644,HerbaceousVegetation
3645,HerbaceousVegetation
3646,HerbaceousVegetation
3647,HerbaceousVegetation
3648,AnnualCrop
3649,AnnualCrop
3650,HerbaceousVegetation
3651,HerbaceousVegetation
3652,HerbaceousVegetation
3653,HerbaceousVegetation
3654,HerbaceousVegetation
3655,Industrial
3656,HerbaceousVegetation
3657,AnnualCrop
3658,AnnualCrop
3659,HerbaceousVegetation
3660,AnnualCrop
3661,HerbaceousVegetation
3662,HerbaceousVegetation
3663,HerbaceousVegetation
3664,HerbaceousVegetation
3665,HerbaceousVegetation
3666,AnnualCrop
3667,AnnualCrop
3668,HerbaceousVegetation
3669,HerbaceousVegetation
3670,HerbaceousVegetation
3671,AnnualCrop
3672,HerbaceousVegetation
3673,AnnualCrop
3674,HerbaceousVegetation
3675,HerbaceousVegetation
3676,HerbaceousVegetation
3677,HerbaceousVegetation
3678,HerbaceousVegetation
3679,AnnualCrop
3680,HerbaceousVegetation
3681,HerbaceousVegetation
3682,AnnualCrop
3683,HerbaceousVegetation
3684,HerbaceousVegetation
3685,HerbaceousVegetation
3686,AnnualCrop
3687,HerbaceousVegetation
3688,AnnualCrop
3689,HerbaceousVegetation
3690,HerbaceousVegetation
3691,HerbaceousVegetation
3692,HerbaceousVegetation
3693,HerbaceousVegetation
3694,HerbaceousVegetation
3695,AnnualCrop
3696,HerbaceousVegetation
3697,AnnualCrop
3698,HerbaceousVegetation
3699,AnnualCrop
3700,HerbaceousVegetation
3701,HerbaceousVegetation
3702,HerbaceousVegetation
3703,HerbaceousVegetation
3704,HerbaceousVegetation
3705,HerbaceousVegetation
3706,HerbaceousVegetation
3707,AnnualCrop
3708,HerbaceousVegetation
3709,HerbaceousVegetation
3710,AnnualCrop
3711,AnnualCrop
3712,AnnualCrop
3713,HerbaceousVegetation
3714,HerbaceousVegetation
3715,HerbaceousVegetation
3716,HerbaceousVegetation
3717,AnnualCrop
3718,HerbaceousVegetation
3719,HerbaceousVegetation
3720,AnnualCrop
3721,AnnualCrop
3722,HerbaceousVegetation
3723,HerbaceousVegetation
3724,HerbaceousVegetation
3725,HerbaceousVegetation
3726,HerbaceousVegetation
3727,HerbaceousVegetation
3728,AnnualCrop
3729,HerbaceousVegetation
3730,AnnualCrop
3731,AnnualCrop
3732,HerbaceousVegetation
3733,HerbaceousVegetation
3734,HerbaceousVegetation
3735,AnnualCrop
3736,HerbaceousVegetation
3737,AnnualCrop
3738,AnnualCrop
3739,HerbaceousVegetation
3740,AnnualCrop
3741,HerbaceousVegetation
3742,HerbaceousVegetation
3743,AnnualCrop
3744,Industrial
3745,AnnualCrop
3746,AnnualCrop
3747,AnnualCrop
3748,HerbaceousVegetation
3749,AnnualCrop
3750,Industrial
3751,HerbaceousVegetation
3752,AnnualCrop
3753,HerbaceousVegetation
3754,HerbaceousVegetation
3755,HerbaceousVegetation
3756,HerbaceousVegetation
3757,HerbaceousVegetation
3758,AnnualCrop
3759,HerbaceousVegetation
3760,AnnualCrop
3761,AnnualCrop
3762,AnnualCrop
3763,HerbaceousVegetation
3764,HerbaceousVegetation
3765,AnnualCrop
3766,AnnualCrop
3767,HerbaceousVegetation
3768,HerbaceousVegetation
3769,AnnualCrop
3770,HerbaceousVegetation
3771,HerbaceousVegetation
3772,HerbaceousVegetation
3773,AnnualCrop
3774,AnnualCrop
3775,HerbaceousVegetation
3776,Industrial
3777,HerbaceousVegetation
3778,AnnualCrop
3779,HerbaceousVegetation
3780,HerbaceousVegetation
3781,HerbaceousVegetation
3782,HerbaceousVegetation
3783,HerbaceousVegetation
3784,HerbaceousVegetation
3785,HerbaceousVegetation
3786,HerbaceousVegetation
3787,HerbaceousVegetation
3788,HerbaceousVegetation
3789,AnnualCrop
3790,HerbaceousVegetation
3791,HerbaceousVegetation
3792,Industrial
3793,HerbaceousVegetation
3794,AnnualCrop
3795,HerbaceousVegetation
3796,HerbaceousVegetation
3797,HerbaceousVegetation
3798,HerbaceousVegetation
3799,HerbaceousVegetation
3800,HerbaceousVegetation
3801,AnnualCrop
3802,AnnualCrop
3803,HerbaceousVegetation
3804,HerbaceousVegetation
3805,HerbaceousVegetation
3806,HerbaceousVegetation
3807,HerbaceousVegetation
3808,HerbaceousVegetation
3809,HerbaceousVegetation
3810,HerbaceousVegetation
3811,Industrial
3812,HerbaceousVegetation
3813,HerbaceousVegetation
3814,HerbaceousVegetation
3815,AnnualCrop
3816,HerbaceousVegetation
3817,HerbaceousVegetation
3818,AnnualCrop
3819,AnnualCrop
3820,AnnualCrop
3821,HerbaceousVegetation
3822,AnnualCrop
3823,HerbaceousVegetation
3824,HerbaceousVegetation
3825,HerbaceousVegetation
3826,HerbaceousVegetation
3827,AnnualCrop
3828,HerbaceousVegetation
3829,HerbaceousVegetation
3830,HerbaceousVegetation
3831,AnnualCrop
3832,Forest
3833,Industrial
3834,Forest
3835,HerbaceousVegetation
3836,HerbaceousVegetation
3837,HerbaceousVegetation
3838,HerbaceousVegetation
3839,HerbaceousVegetation
3840,HerbaceousVegetation
3841,Industrial
3842,AnnualCrop
3843,HerbaceousVegetation
3844,HerbaceousVegetation
3845,Industrial
3846,HerbaceousVegetation
3847,HerbaceousVegetation
3848,Industrial
3849,HerbaceousVegetation
3850,HerbaceousVegetation
3851,Forest
3852,HerbaceousVegetation
3853,HerbaceousVegetation
3854,HerbaceousVegetation
3855,HerbaceousVegetation
3856,HerbaceousVegetation
3857,HerbaceousVegetation
3858,HerbaceousVegetation
3859,AnnualCrop
3860,HerbaceousVegetation
3861,AnnualCrop
3862,HerbaceousVegetation
3863,HerbaceousVegetation
3864,HerbaceousVegetation
3865,HerbaceousVegetation
3866,AnnualCrop
3867,Industrial
3868,HerbaceousVegetation
3869,HerbaceousVegetation
3870,HerbaceousVegetation
3871,HerbaceousVegetation
3872,AnnualCrop
3873,HerbaceousVegetation
3874,HerbaceousVegetation
3875,HerbaceousVegetation
3876,HerbaceousVegetation
3877,AnnualCrop
3878,HerbaceousVegetation
3879,AnnualCrop
3880,AnnualCrop
3881,HerbaceousVegetation
3882,HerbaceousVegetation
3883,AnnualCrop
3884,HerbaceousVegetation
3885,AnnualCrop
3886,AnnualCrop
3887,HerbaceousVegetation
3888,HerbaceousVegetation
3889,HerbaceousVegetation
3890,AnnualCrop
3891,HerbaceousVegetation
3892,AnnualCrop
3893,HerbaceousVegetation
3894,HerbaceousVegetation
3895,HerbaceousVegetation
3896,HerbaceousVegetation
3897,HerbaceousVegetation
3898,HerbaceousVegetation
3899,AnnualCrop
3900,HerbaceousVegetation
3901,AnnualCrop
3902,HerbaceousVegetation
3903,AnnualCrop
3904,Industrial
3905,HerbaceousVegetation
3906,AnnualCrop
3907,HerbaceousVegetation
3908,HerbaceousVegetation
3909,HerbaceousVegetation
3910,HerbaceousVegetation
3911,HerbaceousVegetation
3912,HerbaceousVegetation
3913,AnnualCrop
3914,HerbaceousVegetation
3915,AnnualCrop
3916,HerbaceousVegetation
3917,HerbaceousVegetation
3918,AnnualCrop
3919,HerbaceousVegetation
3920,AnnualCrop
3921,HerbaceousVegetation
3922,HerbaceousVegetation
3923,HerbaceousVegetation
3924,HerbaceousVegetation
3925,AnnualCrop
3926,HerbaceousVegetation
3927,HerbaceousVegetation
3928,HerbaceousVegetation
3929,HerbaceousVegetation
3930,HerbaceousVegetation
3931,AnnualCrop
3932,HerbaceousVegetation
3933,HerbaceousVegetation
3934,HerbaceousVegetation
3935,HerbaceousVegetation
3936,HerbaceousVegetation
3937,HerbaceousVegetation
3938,AnnualCrop
3939,HerbaceousVegetation
3940,HerbaceousVegetation
3941,HerbaceousVegetation
3942,AnnualCrop
3943,HerbaceousVegetation
3944,AnnualCrop
3945,HerbaceousVegetation
3946,HerbaceousVegetation
3947,HerbaceousVegetation
3948,HerbaceousVegetation
3949,HerbaceousVegetation
3950,AnnualCrop
3951,HerbaceousVegetation
3952,AnnualCrop
3953,HerbaceousVegetation
3954,HerbaceousVegetation
3955,HerbaceousVegetation
3956,AnnualCrop
3957,HerbaceousVegetation
3958,HerbaceousVegetation
3959,AnnualCrop
3960,HerbaceousVegetation
3961,HerbaceousVegetation
3962,HerbaceousVegetation
3963,HerbaceousVegetation
3964,HerbaceousVegetation
3965,HerbaceousVegetation
3966,HerbaceousVegetation
3967,AnnualCrop
3968,HerbaceousVegetation
3969,HerbaceousVegetation
3970,HerbaceousVegetation
3971,HerbaceousVegetation
3972,HerbaceousVegetation
3973,HerbaceousVegetation
3974,AnnualCrop
3975,HerbaceousVegetation
3976,HerbaceousVegetation
3977,AnnualCrop
3978,HerbaceousVegetation
3979,HerbaceousVegetation
3980,HerbaceousVegetation
3981,HerbaceousVegetation
3982,HerbaceousVegetation
3983,HerbaceousVegetation
3984,HerbaceousVegetation
3985,HerbaceousVegetation
3986,AnnualCrop
3987,AnnualCrop
3988,HerbaceousVegetation
3989,AnnualCrop
3990,AnnualCrop
3991,AnnualCrop
3992,AnnualCrop
3993,AnnualCrop
3994,HerbaceousVegetation
3995,AnnualCrop
3996,HerbaceousVegetation
3997,HerbaceousVegetation
3998,Industrial
3999,HerbaceousVegetation
4000,HerbaceousVegetation
4001,AnnualCrop
4002,HerbaceousVegetation
4003,AnnualCrop
4004,AnnualCrop
4005,AnnualCrop
4006,HerbaceousVegetation
4007,HerbaceousVegetation
4008,Industrial
4009,HerbaceousVegetation
4010,HerbaceousVegetation
4011,HerbaceousVegetation
4012,HerbaceousVegetation
4013,HerbaceousVegetation
4014,HerbaceousVegetation
4015,HerbaceousVegetation
4016,AnnualCrop
4017,HerbaceousVegetation
4018,AnnualCrop
4019,HerbaceousVegetation
4020,HerbaceousVegetation
4021,HerbaceousVegetation
4022,AnnualCrop
4023,AnnualCrop
4024,AnnualCrop
4025,HerbaceousVegetation
4026,HerbaceousVegetation
4027,AnnualCrop
4028,AnnualCrop
4029,HerbaceousVegetation
4030,SeaLake
4031,AnnualCrop
4032,HerbaceousVegetation
4033,AnnualCrop
4034,HerbaceousVegetation
4035,AnnualCrop
4036,HerbaceousVegetation
4037,AnnualCrop
4038,AnnualCrop
4039,HerbaceousVegetation
4040,HerbaceousVegetation
4041,HerbaceousVegetation
4042,HerbaceousVegetation
4043,HerbaceousVegetation
4044,HerbaceousVegetation
4045,AnnualCrop
4046,AnnualCrop
4047,HerbaceousVegetation
4048,AnnualCrop
4049,HerbaceousVegetation
4050,HerbaceousVegetation
4051,HerbaceousVegetation
4052,HerbaceousVegetation
4053,SeaLake
4054,HerbaceousVegetation
4055,HerbaceousVegetation
4056,AnnualCrop
4057,AnnualCrop
4058,HerbaceousVegetation
4059,HerbaceousVegetation
4060,AnnualCrop
4061,HerbaceousVegetation
4062,HerbaceousVegetation
4063,HerbaceousVegetation
4064,HerbaceousVegetation
4065,HerbaceousVegetation
4066,AnnualCrop
4067,HerbaceousVegetation
4068,AnnualCrop
4069,HerbaceousVegetation
4070,HerbaceousVegetation
4071,HerbaceousVegetation
4072,HerbaceousVegetation
4073,AnnualCrop
4074,HerbaceousVegetation
4075,HerbaceousVegetation
4076,AnnualCrop
4077,HerbaceousVegetation
4078,AnnualCrop
4079,AnnualCrop
4080,AnnualCrop
4081,AnnualCrop
4082,AnnualCrop
4083,HerbaceousVegetation
4084,HerbaceousVegetation
4085,HerbaceousVegetation
4086,Industrial
4087,AnnualCrop
4088,HerbaceousVegetation
4089,HerbaceousVegetation
4090,HerbaceousVegetation
4091,HerbaceousVegetation
4092,HerbaceousVegetation
4093,HerbaceousVegetation
4094,AnnualCrop
4095,AnnualCrop
4096,AnnualCrop
4097,SeaLake
4098,HerbaceousVegetation
4099,HerbaceousVegetation
4100,AnnualCrop
4101,HerbaceousVegetation
4102,HerbaceousVegetation
4103,HerbaceousVegetation
4104,HerbaceousVegetation
4105,HerbaceousVegetation
4106,HerbaceousVegetation
4107,HerbaceousVegetation
4108,AnnualCrop
4109,HerbaceousVegetation
4110,HerbaceousVegetation
4111,HerbaceousVegetation
4112,HerbaceousVegetation
4113,AnnualCrop
4114,HerbaceousVegetation
4115,AnnualCrop
4116,AnnualCrop
4117,HerbaceousVegetation
4118,HerbaceousVegetation
4119,HerbaceousVegetation
4120,HerbaceousVegetation
4121,HerbaceousVegetation
4122,AnnualCrop
4123,AnnualCrop
4124,HerbaceousVegetation
4125,HerbaceousVegetation
4126,AnnualCrop
4127,HerbaceousVegetation
4128,HerbaceousVegetation
4129,HerbaceousVegetation
4130,HerbaceousVegetation
4131,HerbaceousVegetation
4132,HerbaceousVegetation
4133,AnnualCrop
4134,AnnualCrop
4135,HerbaceousVegetation
4136,AnnualCrop
4137,HerbaceousVegetation
4138,HerbaceousVegetation
4139,AnnualCrop
4140,AnnualCrop
4141,HerbaceousVegetation
4142,HerbaceousVegetation
4143,HerbaceousVegetation
4144,AnnualCrop
4145,AnnualCrop
4146,AnnualCrop
4147,AnnualCrop
4148,HerbaceousVegetation
4149,HerbaceousVegetation
4150,HerbaceousVegetation
4151,HerbaceousVegetation
4152,HerbaceousVegetation
4153,HerbaceousVegetation
4154,HerbaceousVegetation
4155,HerbaceousVegetation
4156,HerbaceousVegetation
4157,AnnualCrop
4158,AnnualCrop
4159,AnnualCrop
4160,AnnualCrop
4161,HerbaceousVegetation
4162,HerbaceousVegetation
4163,HerbaceousVegetation
4164,AnnualCrop
4165,HerbaceousVegetation
4166,HerbaceousVegetation
4167,AnnualCrop
4168,HerbaceousVegetation
4169,Industrial
4170,HerbaceousVegetation
4171,AnnualCrop
4172,HerbaceousVegetation
4173,AnnualCrop
4174,HerbaceousVegetation
4175,HerbaceousVegetation
4176,AnnualCrop
4177,AnnualCrop
4178,AnnualCrop
4179,HerbaceousVegetation
4180,HerbaceousVegetation
4181,HerbaceousVegetation
4182,HerbaceousVegetation
4183,HerbaceousVegetation
4184,HerbaceousVegetation
4185,HerbaceousVegetation
4186,AnnualCrop
4187,HerbaceousVegetation
4188,AnnualCrop
4189,HerbaceousVegetation
4190,AnnualCrop
4191,HerbaceousVegetation
4192,HerbaceousVegetation
4193,HerbaceousVegetation
4194,AnnualCrop
4195,HerbaceousVegetation
4196,HerbaceousVegetation
4197,HerbaceousVegetation
4198,HerbaceousVegetation
4199,AnnualCrop
4200,HerbaceousVegetation
4201,HerbaceousVegetation
4202,HerbaceousVegetation
4203,AnnualCrop
4204,AnnualCrop
4205,HerbaceousVegetation
4206,HerbaceousVegetation
4207,HerbaceousVegetation
4208,HerbaceousVegetation
4209,AnnualCrop
4210,HerbaceousVegetation
4211,AnnualCrop
4212,AnnualCrop
4213,AnnualCrop
4214,Forest
4215,HerbaceousVegetation
4216,HerbaceousVegetation
4217,Industrial
4218,HerbaceousVegetation
4219,AnnualCrop
4220,AnnualCrop
4221,HerbaceousVegetation
4222,Forest
4223,HerbaceousVegetation
4224,HerbaceousVegetation
4225,HerbaceousVegetation
4226,HerbaceousVegetation
4227,HerbaceousVegetation
4228,AnnualCrop
4229,SeaLake
4230,HerbaceousVegetation
4231,HerbaceousVegetation
